datetime,ntal_cf_duEW,ntal_cf_duNS,ntal_cf_duV,ntol_cf_duEW,ntol_cf_duNS,ntol_cf_duV,hydl_cf_duEW,hydl_cf_duNS,hydl_cf_duV,hydl_cf_dg
2021-03-01 00:00:00,0.0005710165,-0.0001835006,0.00024977286,,,,,,,
2021-03-01 03:00:00,0.0005573729,-0.00014819353,0.00013726672,,,,,,,
2021-03-01 06:00:00,0.0005479249,-0.00011670466,2.3526716e-05,,,,,,,
2021-03-01 09:00:00,0.0005425956,-7.9217454e-05,-9.276616e-05,,,,,,,
2021-03-01 12:00:00,0.0005223948,-6.120993e-05,-0.00016792111,0.00018572524,0.00010161217,-0.00062431523,0.00047808955,0.00041231234,-0.0009649255,1.256803
2021-03-01 15:00:00,0.0005119108,-5.3822612e-05,-0.00019036591,,,,,,,
2021-03-01 18:00:00,0.00050187274,-4.6845737e-05,-0.00022976569,,,,,,,
2021-03-01 21:00:00,0.0004917694,-2.689044e-05,-0.00028727783,,,,,,,
2021-03-02 00:00:00,0.00048945163,-2.7254406e-05,-0.00034939725,,,,,,,
2021-03-02 03:00:00,0.00048919464,-1.561723e-05,-0.00046885773,,,,,,,
2021-03-02 06:00:00,0.0004886549,-9.476982e-06,-0.0005442813,,,,,,,
2021-03-02 09:00:00,0.00049576984,1.6729626e-05,-0.00068541977,,,,,,,
2021-03-02 12:00:00,0.0005051912,3.917608e-05,-0.0008036514,0.00018921273,7.0223e-05,-0.00063386123,0.00047415233,0.0004188732,-0.0009645237,1.2644187
2021-03-02 15:00:00,0.00050588156,7.1647875e-05,-0.0009265843,,,,,,,
2021-03-02 18:00:00,0.00049264554,9.8192795e-05,-0.0010702548,,,,,,,
2021-03-02 21:00:00,0.00048536336,0.00012418961,-0.0012385844,,,,,,,
2021-03-03 00:00:00,0.00045520772,0.00013561273,-0.0013814642,,,,,,,
2021-03-03 03:00:00,0.00041214144,0.00015568227,-0.0015340386,,,,,,,
2021-03-03 06:00:00,0.00036931408,0.00017338806,-0.0016644361,,,,,,,
2021-03-03 09:00:00,0.00032324728,0.00020389205,-0.0017552737,,,,,,,
2021-03-03 12:00:00,0.00026215788,0.00023086874,-0.001795276,0.00016442925,4.243203e-05,-0.00063773786,0.0004638298,0.00041964863,-0.0009486412,1.2633064
2021-03-03 15:00:00,0.00019910511,0.00025936894,-0.0018247139,,,,,,,
2021-03-03 18:00:00,0.0001356147,0.0002738491,-0.0018417318,,,,,,,
2021-03-03 21:00:00,6.3017025e-05,0.00029237586,-0.0018521922,,,,,,,
2021-03-04 00:00:00,-1.1052786e-05,0.00030696133,-0.0018337995,,,,,,,
2021-03-04 03:00:00,-7.542282e-05,0.00032892544,-0.0017679296,,,,,,,
2021-03-04 06:00:00,-0.00012696265,0.00033611825,-0.0016437086,,,,,,,
2021-03-04 09:00:00,-0.00016342069,0.0003456081,-0.0015266598,,,,,,,
2021-03-04 12:00:00,-0.00019988537,0.0003540412,-0.0014128176,0.000115138726,5.9286398e-05,-0.00057530287,0.00044974932,0.00041407088,-0.0009253056,1.2634509
2021-03-04 15:00:00,-0.0002264428,0.0003543387,-0.0013104124,,,,,,,
2021-03-04 18:00:00,-0.00022576554,0.00033982683,-0.0011872991,,,,,,,
2021-03-04 21:00:00,-0.0002282223,0.00033838223,-0.001125841,,,,,,,
2021-03-05 00:00:00,-0.00021374201,0.00032086606,-0.0010826733,,,,,,,
2021-03-05 03:00:00,-0.00017695526,0.0003030977,-0.0010045653,,,,,,,
2021-03-05 06:00:00,-0.00012774993,0.00027519502,-0.0009115668,,,,,,,
2021-03-05 09:00:00,-7.6305834e-05,0.00025070496,-0.0008441684,,,,,,,
2021-03-05 12:00:00,-2.2840995e-05,0.00022085238,-0.00081078685,0.00013429389,8.126948e-05,-0.0005823723,0.0004398945,0.00040794897,-0.0008908744,1.2639112
2021-03-05 15:00:00,4.116336e-05,0.00019042677,-0.00075866736,,,,,,,
2021-03-05 18:00:00,0.00010050999,0.0001430609,-0.00074167876,,,,,,,
2021-03-05 21:00:00,0.00014487216,9.765022e-05,-0.00072960224,,,,,,,
2021-03-06 00:00:00,0.00018103524,4.6805682e-05,-0.0007125857,,,,,,,
2021-03-06 03:00:00,0.00020268386,4.612881e-06,-0.00068813696,,,,,,,
2021-03-06 06:00:00,0.00021310117,-5.587937e-05,-0.0006806255,,,,,,,
2021-03-06 09:00:00,0.00020898605,-0.00010068147,-0.00070256455,,,,,,,
2021-03-06 12:00:00,0.00018178631,-0.00015029857,-0.00066880335,0.00016993584,4.277318e-05,-0.00048943737,0.00043356445,0.0004069431,-0.0008668343,1.2658805
2021-03-06 15:00:00,0.00014723072,-0.00019927062,-0.00060907385,,,,,,,
2021-03-06 18:00:00,0.00012211202,-0.0002458358,-0.00057485985,,,,,,,
2021-03-06 21:00:00,8.363432e-05,-0.000275311,-0.00055506453,,,,,,,
2021-03-07 00:00:00,5.2162963e-05,-0.00030403087,-0.0004997011,,,,,,,
2021-03-07 03:00:00,3.335703e-05,-0.00030835808,-0.00044900007,,,,,,,
2021-03-07 06:00:00,2.412807e-05,-0.00032329708,-0.000390246,,,,,,,
2021-03-07 09:00:00,-2.293403e-06,-0.00031506427,-0.0003758317,,,,,,,
2021-03-07 12:00:00,-2.3765906e-05,-0.0003145629,-0.00034713608,0.0001406092,2.8362283e-05,-0.00030116772,0.0004202993,0.0004029833,-0.0008452189,1.2657907
2021-03-07 15:00:00,-5.0634746e-05,-0.0003212772,-0.0002390701,,,,,,,
2021-03-07 18:00:00,-7.174419e-05,-0.00032833626,-0.00020135673,,,,,,,
2021-03-07 21:00:00,-8.545171e-05,-0.0003448729,-0.00014817959,,,,,,,
2021-03-08 00:00:00,-0.00010008805,-0.00037343358,-2.0467227e-05,,,,,,,
2021-03-08 03:00:00,-0.00012237315,-0.00039451555,0.000115916446,,,,,,,
2021-03-08 06:00:00,-0.00012799812,-0.00043197014,0.00023065518,,,,,,,
2021-03-08 09:00:00,-0.00013566598,-0.0004450813,0.0002738175,,,,,,,
2021-03-08 12:00:00,-0.00011202724,-0.00043727513,0.00028262704,0.00011008888,5.0779145e-05,-0.00024048332,0.0004251871,0.0004130621,-0.00086365856,1.2757583
2021-03-08 15:00:00,-8.645956e-05,-0.00043002513,0.00034095312,,,,,,,
2021-03-08 18:00:00,-5.9396465e-05,-0.0004359537,0.0003923205,,,,,,,
2021-03-08 21:00:00,-3.182334e-05,-0.00043636002,0.0004325975,,,,,,,
2021-03-09 00:00:00,-8.50052e-06,-0.00042766816,0.00047938852,,,,,,,
2021-03-09 03:00:00,1.0493933e-05,-0.00042405387,0.0005810674,,,,,,,
2021-03-09 06:00:00,3.076396e-05,-0.00042454567,0.00062240846,,,,,,,
2021-03-09 09:00:00,4.1917978e-05,-0.0004180535,0.0006460167,,,,,,,
2021-03-09 12:00:00,4.3191572e-05,-0.0004250777,0.000721238,0.00012682225,8.383333e-05,-0.00025948544,0.0004221582,0.00040940128,-0.0008382856,1.2741408
2021-03-09 15:00:00,3.4564575e-05,-0.00044057638,0.00085044414,,,,,,,
2021-03-09 18:00:00,2.7265207e-05,-0.0004653071,0.00089805893,,,,,,,
2021-03-09 21:00:00,2.9277373e-05,-0.00048796495,0.0009654439,,,,,,,
2021-03-10 00:00:00,3.296568e-05,-0.0005151308,0.0010224128,,,,,,,
2021-03-10 03:00:00,3.334887e-05,-0.0005461337,0.0011034515,,,,,,,
2021-03-10 06:00:00,3.085632e-05,-0.00058811804,0.0011693009,,,,,,,
2021-03-10 09:00:00,1.9327568e-05,-0.0006276472,0.0012684026,,,,,,,
2021-03-10 12:00:00,7.800667e-06,-0.0006586472,0.00141365,0.00014393068,0.000103042534,-0.00022180511,0.00043067662,0.00041763106,-0.00085145934,1.2853714
2021-03-10 15:00:00,-6.3794228e-06,-0.00069477817,0.0016238011,,,,,,,
2021-03-10 18:00:00,-2.0293524e-05,-0.0007141955,0.0017594096,,,,,,,
2021-03-10 21:00:00,-3.7714042e-05,-0.00073206663,0.0019420272,,,,,,,
2021-03-11 00:00:00,-6.358378e-05,-0.00075017504,0.0021149714,,,,,,,
2021-03-11 03:00:00,-9.861161e-05,-0.00075662305,0.0022277911,,,,,,,
2021-03-11 06:00:00,-0.00012715912,-0.0007614672,0.0022717724,,,,,,,
2021-03-11 09:00:00,-0.00014318532,-0.00078614557,0.0023225925,,,,,,,
2021-03-11 12:00:00,-0.00017351548,-0.00080948893,0.002401011,0.00013770815,0.000116757175,7.4242707e-06,0.0004383233,0.0004264681,-0.0008744468,1.2997923
2021-03-11 15:00:00,-0.00021182893,-0.00081819826,0.0024502766,,,,,,,
2021-03-11 18:00:00,-0.00023773291,-0.00081658544,0.0024537218,,,,,,,
2021-03-11 21:00:00,-0.0002508959,-0.0008130478,0.0024813537,,,,,,,
2021-03-12 00:00:00,-0.00027396594,-0.0008163001,0.0025261957,,,,,,,
2021-03-12 03:00:00,-0.0002955731,-0.000811314,0.002566075,,,,,,,
2021-03-12 06:00:00,-0.0003068432,-0.00078957353,0.0025339671,,,,,,,
2021-03-12 09:00:00,-0.00031469986,-0.0007797478,0.0025430045,,,,,,,
2021-03-12 12:00:00,-0.00033907988,-0.0007668595,0.0025770226,0.00011240644,0.000108505934,9.264391e-05,0.0004402383,0.00042498152,-0.00085363444,1.307641
2021-03-12 15:00:00,-0.0003533582,-0.0007358221,0.0025679814,,,,,,,
2021-03-12 18:00:00,-0.00038071506,-0.00069041125,0.0025346358,,,,,,,
2021-03-12 21:00:00,-0.00040016085,-0.00065131154,0.0025339997,,,,,,,
2021-03-13 00:00:00,-0.0004308877,-0.0006171404,0.002518919,,,,,,,
2021-03-13 03:00:00,-0.0004472209,-0.0005782366,0.002444039,,,,,,,
2021-03-13 06:00:00,-0.00044985267,-0.00053082494,0.0022871722,,,,,,,
2021-03-13 09:00:00,-0.00043411477,-0.00049434195,0.0021500448,,,,,,,
2021-03-13 12:00:00,-0.00042182254,-0.0004777125,0.002006219,9.023371e-05,8.5352476e-05,-7.430265e-05,0.00044126707,0.0004248891,-0.00082301267,1.3089745
2021-03-13 15:00:00,-0.00041246472,-0.00045083908,0.0018907894,,,,,,,
2021-03-13 18:00:00,-0.00039682156,-0.00041320425,0.0017316208,,,,,,,
2021-03-13 21:00:00,-0.00037820163,-0.0004084341,0.0016317941,,,,,,,
2021-03-14 00:00:00,-0.00038379277,-0.00041190928,0.0015343328,,,,,,,
2021-03-14 03:00:00,-0.0003613688,-0.0003988499,0.0013754719,,,,,,,
2021-03-14 06:00:00,-0.0003384679,-0.00037965324,0.001208993,,,,,,,
2021-03-14 09:00:00,-0.0003018234,-0.00034909463,0.0010279942,,,,,,,
2021-03-14 12:00:00,-0.0002858997,-0.00031164888,0.000855077,9.8214725e-05,6.713522e-05,-0.00025807752,0.00043354506,0.00042228666,-0.0007932591,1.3102775
2021-03-14 15:00:00,-0.0002612426,-0.00026860932,0.00072236825,,,,,,,
2021-03-14 18:00:00,-0.0002433935,-0.00023600945,0.0005987499,,,,,,,
2021-03-14 21:00:00,-0.00021958476,-0.0001996104,0.0004886448,,,,,,,
2021-03-15 00:00:00,-0.00020102513,-0.00017616857,0.0004610308,,,,,,,
2021-03-15 03:00:00,-0.00016111702,-0.00014312039,0.00046360077,,,,,,,
2021-03-15 06:00:00,-0.0001131429,-0.00011142657,0.00045886607,,,,,,,
2021-03-15 09:00:00,-5.22444e-05,-0.000106235246,0.00048286474,,,,,,,
2021-03-15 12:00:00,-1.0587738e-05,-0.00011157308,0.0005325165,0.00012719083,0.00010885161,-0.0003579168,0.0004403958,0.00043921263,-0.00084274757,1.3329346
2021-03-15 15:00:00,4.524439e-05,-0.0001433775,0.0006040915,,,,,,,
2021-03-15 18:00:00,9.641837e-05,-0.00018183928,0.00061409123,,,,,,,
2021-03-15 21:00:00,0.00013634787,-0.00018377138,0.0005760932,,,,,,,
2021-03-16 00:00:00,0.00017854248,-0.00015374912,0.00042705977,,,,,,,
2021-03-16 03:00:00,0.00022613112,-9.4280775e-05,0.00022691046,,,,,,,
2021-03-16 06:00:00,0.0002780697,-4.4434273e-05,2.6622482e-05,,,,,,,
2021-03-16 09:00:00,0.00031989027,-4.535764e-06,-0.00013613251,,,,,,,
2021-03-16 12:00:00,0.00033453217,3.679216e-05,-0.00026094992,0.00015961243,0.00013043187,-0.0004542285,0.00044255986,0.0004461428,-0.00085147267,1.3400145
2021-03-16 15:00:00,0.00036841168,7.190225e-05,-0.00035328633,,,,,,,
2021-03-16 18:00:00,0.00038837938,9.715587e-05,-0.00042180996,,,,,,,
2021-03-16 21:00:00,0.00040415672,9.75599e-05,-0.00038341177,,,,,,,
2021-03-17 00:00:00,0.00040154107,0.000102583406,-0.0003578088,,,,,,,
2021-03-17 03:00:00,0.00039890053,0.00012142499,-0.0003498762,,,,,,,
2021-03-17 06:00:00,0.0003978968,0.00012482984,-0.00036967077,,,,,,,
2021-03-17 09:00:00,0.00039394601,0.00014820648,-0.0003530949,,,,,,,
2021-03-17 12:00:00,0.0003890096,0.00017030686,-0.0003565879,0.00015835123,0.00013920288,-0.00051523483,0.0004407778,0.0004619793,-0.0008755825,1.3588456
2021-03-17 15:00:00,0.0004132941,0.00018176436,-0.00037186785,,,,,,,
2021-03-17 18:00:00,0.00045229023,0.00017194907,-0.00033004239,,,,,,,
2021-03-17 21:00:00,0.0004613306,0.00014242505,-0.00023090662,,,,,,,
2021-03-18 00:00:00,0.00045817276,0.00010898644,-0.00018195466,,,,,,,
2021-03-18 03:00:00,0.00045344565,8.91134e-05,-0.0001501674,,,,,,,
2021-03-18 06:00:00,0.00044850205,5.3468142e-05,-0.00012020144,,,,,,,
2021-03-18 09:00:00,0.00041872845,3.4977264e-05,-6.3397805e-05,,,,,,,
2021-03-18 12:00:00,0.00037505053,4.1892672e-05,-6.9590096e-05,0.00015625979,0.00013883083,-0.00043054982,0.00042862864,0.00046958064,-0.00087147305,1.371056
2021-03-18 15:00:00,0.0003335388,6.388052e-05,-9.275892e-05,,,,,,,
2021-03-18 18:00:00,0.00028086855,9.157899e-05,-0.00014103469,,,,,,,
2021-03-18 21:00:00,0.00023707545,0.00012069999,-0.00018215815,,,,,,,
2021-03-19 00:00:00,0.00019412585,0.00012937466,-0.00022918641,,,,,,,
2021-03-19 03:00:00,0.00016435553,0.00013763196,-0.0002767927,,,,,,,
2021-03-19 06:00:00,0.00013877812,0.00015216606,-0.00035188496,,,,,,,
2021-03-19 09:00:00,0.00010268084,0.00013970304,-0.00032609925,,,,,,,
2021-03-19 12:00:00,7.8235185e-05,0.000109890796,-0.00027606307,0.00013141635,0.00014333877,-0.0004687705,0.00044994595,0.00048409778,-0.000907482,1.3858788
2021-03-19 15:00:00,5.256898e-05,6.535995e-05,-0.0002035331,,,,,,,
2021-03-19 18:00:00,4.2188738e-05,1.5930684e-05,-0.00018787217,,,,,,,
2021-03-19 21:00:00,4.6596764e-05,-9.670122e-06,-0.00017731106,,,,,,,
2021-03-20 00:00:00,6.055747e-05,-3.6307738e-05,-0.00021875449,,,,,,,
2021-03-20 03:00:00,5.9065977e-05,-6.58383e-05,-0.00021595763,,,,,,,
2021-03-20 06:00:00,4.4872504e-05,-9.8469325e-05,-0.00020095358,,,,,,,
2021-03-20 09:00:00,2.7001399e-05,-0.00013649292,-0.00018975647,,,,,,,
2021-03-20 12:00:00,-2.3405746e-05,-0.00020522818,-7.8303325e-05,0.00010847274,0.00010497817,-0.00023926533,0.00044816022,0.00048786902,-0.0008912037,1.3868577
2021-03-20 15:00:00,-7.170233e-05,-0.00028288513,7.633178e-05,,,,,,,
2021-03-20 18:00:00,-0.00012161079,-0.00037693745,0.00024583627,,,,,,,
2021-03-20 21:00:00,-0.0001652656,-0.00046666738,0.00043518477,,,,,,,
2021-03-21 00:00:00,-0.00018272607,-0.0005402919,0.00058049266,,,,,,,
2021-03-21 03:00:00,-0.00019239499,-0.00060771,0.0007642685,,,,,,,
2021-03-21 06:00:00,-0.00020074884,-0.00068405626,0.0009506749,,,,,,,
2021-03-21 09:00:00,-0.00021270073,-0.00075570645,0.0011361612,,,,,,,
2021-03-21 12:00:00,-0.0002143097,-0.00081287057,0.0012497851,9.626848e-05,8.5066415e-05,0.00012523842,0.00044363836,0.0004958372,-0.00088240014,1.386888
2021-03-21 15:00:00,-0.00020805726,-0.00085943664,0.0013911468,,,,,,,
2021-03-21 18:00:00,-0.00019954052,-0.0009022663,0.0015249111,,,,,,,
2021-03-21 21:00:00,-0.00019377808,-0.0009488476,0.001653093,,,,,,,
2021-03-22 00:00:00,-0.00019654544,-0.0009980649,0.0018094984,,,,,,,
2021-03-22 03:00:00,-0.00020710927,-0.0010423909,0.0019610988,,,,,,,
2021-03-22 06:00:00,-0.00017437515,-0.0010218741,0.0019159588,,,,,,,
2021-03-22 09:00:00,-0.00013883307,-0.0009958826,0.0018015826,,,,,,,
2021-03-22 12:00:00,-0.0001116225,-0.0010086509,0.0017300752,0.0001283803,7.8810306e-05,0.00016621631,0.00045827712,0.00051591446,-0.00089423865,1.3942239
2021-03-22 15:00:00,-8.06178e-05,-0.0010079342,0.0016589705,,,,,,,
2021-03-22 18:00:00,-5.0161572e-05,-0.0010056401,0.00155951,,,,,,,
2021-03-22 21:00:00,-4.630477e-05,-0.0010055687,0.0015004888,,,,,,,
2021-03-23 00:00:00,-4.6868365e-05,-0.0010201895,0.0014775267,,,,,,,
2021-03-23 03:00:00,-5.9890554e-05,-0.0010192724,0.0014582284,,,,,,,
2021-03-23 06:00:00,-7.743567e-05,-0.0010057939,0.0013880789,,,,,,,
2021-03-23 09:00:00,-8.807652e-05,-0.0009931412,0.0013449065,,,,,,,
2021-03-23 12:00:00,-0.00010645084,-0.0009978543,0.0013561352,0.00013856769,3.744474e-05,-5.6008226e-05,0.0004558409,0.00051488425,-0.000846551,1.3916471
2021-03-23 15:00:00,-0.00012994664,-0.00100209,0.0014033722,,,,,,,
2021-03-23 18:00:00,-0.00015149327,-0.0010048156,0.0014057405,,,,,,,
2021-03-23 21:00:00,-0.00016048111,-0.0010062874,0.0014304742,,,,,,,
2021-03-24 00:00:00,-0.00015934824,-0.0010204713,0.0014423999,,,,,,,
2021-03-24 03:00:00,-0.00015232703,-0.0010176128,0.001392045,,,,,,,
2021-03-24 06:00:00,-0.00014503731,-0.0010182409,0.0013141369,,,,,,,
2021-03-24 09:00:00,-0.00013319383,-0.0010213786,0.0012227738,,,,,,,
2021-03-24 12:00:00,-0.00012969236,-0.0010270071,0.0011678508,0.00013671856,3.094916e-05,-9.488987e-05,0.0004487321,0.00050860725,-0.0007851315,1.3873167
2021-03-24 15:00:00,-0.0001362644,-0.0010132603,0.0011278747,,,,,,,
2021-03-24 18:00:00,-0.00014613378,-0.0009854615,0.0010231234,,,,,,,
2021-03-24 21:00:00,-0.0001386479,-0.00096007437,0.00096869183,,,,,,,
2021-03-25 00:00:00,-0.00014503721,-0.0009513076,0.0009895188,,,,,,,
2021-03-25 03:00:00,-0.00016952837,-0.00093307154,0.00094928907,,,,,,,
2021-03-25 06:00:00,-0.00017349677,-0.000922552,0.00089024246,,,,,,,
2021-03-25 09:00:00,-0.00016418535,-0.0009241945,0.00087001105,,,,,,,
2021-03-25 12:00:00,-0.00016975014,-0.0009348435,0.0009359012,0.00014306612,4.9820963e-05,-9.1100956e-05,0.00044459978,0.0005059936,-0.00074797886,1.3894843
2021-03-25 15:00:00,-0.00016503686,-0.0009311933,0.000976457,,,,,,,
2021-03-25 18:00:00,-0.00015288302,-0.0009240819,0.0009588492,,,,,,,
2021-03-25 21:00:00,-0.00012548362,-0.0009165964,0.00094972516,,,,,,,
2021-03-26 00:00:00,-8.8651344e-05,-0.0009226155,0.0009849471,,,,,,,
2021-03-26 03:00:00,-5.8833168e-05,-0.0009112,0.00097535015,,,,,,,
2021-03-26 06:00:00,-3.5576228e-05,-0.00089700794,0.0009274048,,,,,,,
2021-03-26 09:00:00,1.05061445e-05,-0.0008798057,0.0009160129,,,,,,,
2021-03-26 12:00:00,4.9691393e-05,-0.0008590802,0.00090263033,0.0001654245,3.2868105e-05,-0.0001790888,0.0004389765,0.00050194655,-0.00072106393,1.3879689
2021-03-26 15:00:00,6.318847e-05,-0.0008300036,0.0008827428,,,,,,,
2021-03-26 18:00:00,9.482548e-05,-0.00081919756,0.00081591564,,,,,,,
2021-03-26 21:00:00,0.00012329155,-0.0008141316,0.00076100696,,,,,,,
2021-03-27 00:00:00,0.00014633941,-0.0008139639,0.0007407132,,,,,,,
2021-03-27 03:00:00,0.00016862208,-0.000805181,0.00069192343,,,,,,,
2021-03-27 06:00:00,0.00019220286,-0.0008017598,0.0006158373,,,,,,,
2021-03-27 09:00:00,0.00020662589,-0.000817141,0.0006258618,,,,,,,
2021-03-27 12:00:00,0.00021351512,-0.0008451483,0.0006180256,0.0001746315,2.7972555e-06,-0.00034491392,0.00043376922,0.0004966351,-0.0006977519,1.3833084
2021-03-27 15:00:00,0.00020301531,-0.0008859561,0.00065854704,,,,,,,
2021-03-27 18:00:00,0.00017684053,-0.0009553727,0.00077750866,,,,,,,
2021-03-27 21:00:00,0.00016157045,-0.0010171579,0.0008887826,,,,,,,
2021-03-28 00:00:00,0.00019495428,-0.0010372571,0.0008863381,,,,,,,
2021-03-28 03:00:00,0.00023869838,-0.001029778,0.000860581,,,,,,,
2021-03-28 06:00:00,0.000289856,-0.0010203251,0.0007918878,,,,,,,
2021-03-28 09:00:00,0.00032673037,-0.0010160903,0.00077876315,,,,,,,
2021-03-28 12:00:00,0.0003708927,-0.0010043163,0.00079324184,0.00018481213,-1.0088781e-05,-0.0004384283,0.00042939457,0.00050159474,-0.0006821903,1.3908919
2021-03-28 15:00:00,0.00040517625,-0.0009777697,0.0008158358,,,,,,,
2021-03-28 18:00:00,0.0004349686,-0.0009416144,0.0008087684,,,,,,,
2021-03-28 21:00:00,0.00048507424,-0.000897677,0.00081856945,,,,,,,
2021-03-29 00:00:00,0.0005213673,-0.0008487597,0.000783791,,,,,,,
2021-03-29 03:00:00,0.0005554297,-0.00078572356,0.00068499526,,,,,,,
2021-03-29 06:00:00,0.0005979739,-0.0007054394,0.0005462156,,,,,,,
2021-03-29 09:00:00,0.0006504199,-0.00061898003,0.0003764641,,,,,,,
2021-03-29 12:00:00,0.0006835227,-0.000528225,0.0002336108,0.0001979065,1.8347328e-05,-0.0005533065,0.00041784457,0.0004977265,-0.00065842003,1.3892107
2021-03-29 15:00:00,0.0006791052,-0.00044529123,0.00013306679,,,,,,,
2021-03-29 18:00:00,0.00068069674,-0.00036943276,4.3723385e-06,,,,,,,
2021-03-29 21:00:00,0.0006788987,-0.00030424198,-0.00011232862,,,,,,,
2021-03-30 00:00:00,0.00066207565,-0.00024280649,-0.00022958104,,,,,,,
2021-03-30 03:00:00,0.0006363807,-0.00018577489,-0.00032707752,,,,,,,
2021-03-30 06:00:00,0.0006232866,-0.00012604335,-0.00047680803,,,,,,,
2021-03-30 09:00:00,0.0006281041,-7.315464e-05,-0.0005885558,,,,,,,
2021-03-30 12:00:00,0.000614819,-1.5441474e-05,-0.000655991,0.00017444244,5.2500553e-05,-0.0007056261,0.00040523964,0.0004935688,-0.00061833096,1.3843373
2021-03-30 15:00:00,0.0005886478,1.7398545e-05,-0.0006658016,,,,,,,
2021-03-30 18:00:00,0.00056733616,3.9755014e-05,-0.0006841427,,,,,,,
2021-03-30 21:00:00,0.00054036325,5.812731e-05,-0.0006867419,,,,,,,
2021-03-31 00:00:00,0.0004987732,6.728355e-05,-0.00064830936,,,,,,,
2021-03-31 03:00:00,0.0004726634,6.505822e-05,-0.00056062284,,,,,,,
2021-03-31 06:00:00,0.00042637,7.105892e-05,-0.00051250233,,,,,,,
2021-03-31 09:00:00,0.0003666498,8.524964e-05,-0.00047101395,,,,,,,
2021-03-31 12:00:00,0.00029401254,0.000115778406,-0.00045676754,0.00013350011,8.646486e-05,-0.0006658169,0.00038714043,0.00049173745,-0.0005800794,1.3802664
2021-03-31 15:00:00,0.00020497941,0.00014487939,-0.000431467,,,,,,,
2021-03-31 18:00:00,0.00012772386,0.00019492755,-0.0004668431,,,,,,,
2021-03-31 21:00:00,9.591747e-05,0.00024619102,-0.0004857469,,,,,,,
2021-04-01 00:00:00,7.3713505e-05,0.00026280605,-0.00045749667,,,,,,,
2021-04-01 03:00:00,4.4217457e-05,0.00027530393,-0.00048217605,,,,,,,
2021-04-01 06:00:00,2.7142958e-05,0.00029507722,-0.00056403433,,,,,,,
2021-04-01 09:00:00,2.1379381e-05,0.00031460458,-0.0006182663,,,,,,,
2021-04-01 12:00:00,5.6160843e-06,0.000333784,-0.00068362,0.00011434951,0.0001112787,-0.0007115571,0.00037123944,0.0004912198,-0.000564747,1.3751823
2021-04-01 15:00:00,-6.3665057e-06,0.00034464852,-0.00070125074,,,,,,,
2021-04-01 18:00:00,3.2570822e-06,0.00035274436,-0.0007289291,,,,,,,
2021-04-01 21:00:00,1.446693e-06,0.0003494072,-0.00074465777,,,,,,,
2021-04-02 00:00:00,-1.7061677e-05,0.0003222116,-0.000722513,,,,,,,
2021-04-02 03:00:00,-5.05496e-05,0.00030678112,-0.0007063886,,,,,,,
2021-04-02 06:00:00,-7.4977856e-05,0.000303252,-0.00072726625,,,,,,,
2021-04-02 09:00:00,-0.000108070344,0.0003165673,-0.000786279,,,,,,,
2021-04-02 12:00:00,-0.00015148599,0.0003289061,-0.0007764763,0.000105184816,0.00011001815,-0.0006865439,0.00035396285,0.0004887082,-0.0005459867,1.3687899
2021-04-02 15:00:00,-0.00017888157,0.00033940136,-0.000747012,,,,,,,
2021-04-02 18:00:00,-0.00019575148,0.00034669842,-0.00079539226,,,,,,,
2021-04-02 21:00:00,-0.00020821564,0.00034864567,-0.00077759376,,,,,,,
2021-04-03 00:00:00,-0.00023980292,0.00034065972,-0.0007388173,,,,,,,
2021-04-03 03:00:00,-0.0002709712,0.00033807143,-0.0006769137,,,,,,,
2021-04-03 06:00:00,-0.00027815328,0.0003475054,-0.00069841486,,,,,,,
2021-04-03 09:00:00,-0.0002902132,0.00033843206,-0.00065927487,,,,,,,
2021-04-03 12:00:00,-0.0003290714,0.0003191635,-0.0005734383,8.324858e-05,0.00012526312,-0.00067677046,0.00035685886,0.0004975841,-0.00055860245,1.3670166
2021-04-03 15:00:00,-0.00035779548,0.00029975665,-0.00047109262,,,,,,,
2021-04-03 18:00:00,-0.00041510386,0.00028669956,-0.0004399594,,,,,,,
2021-04-03 21:00:00,-0.00045648066,0.00029673346,-0.00045091336,,,,,,,
2021-04-04 00:00:00,-0.0004823869,0.00032934107,-0.0005126823,,,,,,,
2021-04-04 03:00:00,-0.0004848649,0.00040363474,-0.00066198816,,,,,,,
2021-04-04 06:00:00,-0.0004990136,0.00045392718,-0.0007837702,,,,,,,
2021-04-04 09:00:00,-0.0005348275,0.00047847323,-0.00080688397,,,,,,,
2021-04-04 12:00:00,-0.00056284235,0.00051504903,-0.00081705285,7.7989316e-05,0.00013981876,-0.00063565694,0.0003479974,0.00049453496,-0.0005307913,1.360967
2021-04-04 15:00:00,-0.0005709641,0.00058079255,-0.000899319,,,,,,,
2021-04-04 18:00:00,-0.00057207985,0.000630368,-0.0009705162,,,,,,,
2021-04-04 21:00:00,-0.00058128295,0.00064059265,-0.0009300267,,,,,,,
2021-04-05 00:00:00,-0.000608223,0.00062752486,-0.0008103903,,,,,,,
2021-04-05 03:00:00,-0.00064183195,0.00062060804,-0.0007484606,,,,,,,
2021-04-05 06:00:00,-0.0006790921,0.0006050835,-0.0006881455,,,,,,,
2021-04-05 09:00:00,-0.0007044204,0.00058753043,-0.00060077605,,,,,,,
2021-04-05 12:00:00,-0.00072650675,0.00059742696,-0.0006241267,8.2138424e-05,0.00017353828,-0.00041622692,0.00034267516,0.0004889127,-0.00049985596,1.3517874
2021-04-05 15:00:00,-0.00073489716,0.0006111767,-0.0006540455,,,,,,,
2021-04-05 18:00:00,-0.0007206859,0.0006170859,-0.0006732617,,,,,,,
2021-04-05 21:00:00,-0.0007105297,0.0006151554,-0.000589796,,,,,,,
2021-04-06 00:00:00,-0.0006968121,0.0006279955,-0.0005731287,,,,,,,
2021-04-06 03:00:00,-0.00067852525,0.0006500643,-0.00060801994,,,,,,,
2021-04-06 06:00:00,-0.000646702,0.00065105525,-0.0005346918,,,,,,,
2021-04-06 09:00:00,-0.0006196359,0.00064023276,-0.0004259139,,,,,,,
2021-04-06 12:00:00,-0.0006106324,0.000633119,-0.00033546655,9.787114e-05,0.0002018453,-0.00041232884,0.00033254854,0.0004823344,-0.00046852595,1.342793
2021-04-06 15:00:00,-0.00058902986,0.0006218912,-0.00025353706,,,,,,,
2021-04-06 18:00:00,-0.00056280993,0.0006086667,-0.00019299875,,,,,,,
2021-04-06 21:00:00,-0.0005451893,0.000588156,-0.00010909514,,,,,,,
2021-04-07 00:00:00,-0.0005298778,0.0005747426,-4.948719e-05,,,,,,,
2021-04-07 03:00:00,-0.00051415816,0.0005494193,1.4294622e-05,,,,,,,
2021-04-07 06:00:00,-0.00049193,0.0005097177,6.061117e-05,,,,,,,
2021-04-07 09:00:00,-0.00047437026,0.0004514028,0.00012365494,,,,,,,
2021-04-07 12:00:00,-0.00045371606,0.00040627085,0.00018170565,0.00011298614,0.0001878087,-0.00055845926,0.00033823837,0.0004922925,-0.00048400817,1.3424233
2021-04-07 15:00:00,-0.00042250805,0.00038307553,0.00021084308,,,,,,,
2021-04-07 18:00:00,-0.0003997306,0.00037056362,0.00019866943,,,,,,,
2021-04-07 21:00:00,-0.00037250086,0.00035611173,0.00019472105,,,,,,,
2021-04-08 00:00:00,-0.00034094742,0.00036628064,0.00011728737,,,,,,,
2021-04-08 03:00:00,-0.00028922773,0.00039613288,-1.821197e-05,,,,,,,
2021-04-08 06:00:00,-0.00025015927,0.00042578936,-0.00017643638,,,,,,,
2021-04-08 09:00:00,-0.00021079741,0.0004313018,-0.00027721396,,,,,,,
2021-04-08 12:00:00,-0.00016912492,0.0004500224,-0.00035166147,0.00012457455,0.00017137078,-0.00062327983,0.00033083418,0.0004881284,-0.0004650827,1.3338156
2021-04-08 15:00:00,-0.00012433101,0.00047339842,-0.00039505013,,,,,,,
2021-04-08 18:00:00,-9.997913e-05,0.00049404026,-0.0004325911,,,,,,,
2021-04-08 21:00:00,-9.268046e-05,0.0004969747,-0.00039651248,,,,,,,
2021-04-09 00:00:00,-7.831488e-05,0.0005136144,-0.00045697825,,,,,,,
2021-04-09 03:00:00,-7.312395e-05,0.0005166993,-0.0004551204,,,,,,,
2021-04-09 06:00:00,-6.603261e-05,0.0005243743,-0.00047580144,,,,,,,
2021-04-09 09:00:00,-5.9718222e-05,0.0005253616,-0.00046698417,,,,,,,
2021-04-09 12:00:00,-6.372084e-05,0.0005322333,-0.00047914175,0.00012753106,0.00018246168,-0.00061267125,0.00031836514,0.0004836506,-0.00044612816,1.3258293
2021-04-09 15:00:00,-5.6956058e-05,0.0005410621,-0.0004791366,,,,,,,
2021-04-09 18:00:00,-4.2110103e-05,0.00056215865,-0.00048132497,,,,,,,
2021-04-09 21:00:00,-2.8976287e-05,0.00058268895,-0.00045193327,,,,,,,
2021-04-10 00:00:00,-1.47509445e-05,0.00059780345,-0.00044217618,,,,,,,
2021-04-10 03:00:00,1.4709598e-06,0.00060885394,-0.00041673792,,,,,,,
2021-04-10 06:00:00,3.8449754e-05,0.00061858527,-0.0004265999,,,,,,,
2021-04-10 09:00:00,7.224034e-05,0.0006268172,-0.0003822324,,,,,,,
2021-04-10 12:00:00,0.00010313265,0.00063973165,-0.00037412293,0.00015182517,0.00021261546,-0.0006744713,0.00031081072,0.00047644658,-0.00042319516,1.3214706
2021-04-10 15:00:00,0.00013317473,0.000660057,-0.0003716423,,,,,,,
2021-04-10 18:00:00,0.00016121984,0.0006790837,-0.000352564,,,,,,,
2021-04-10 21:00:00,0.00018943202,0.0006999694,-0.00034953444,,,,,,,
2021-04-11 00:00:00,0.00019470083,0.0007195251,-0.00035892153,,,,,,,
2021-04-11 03:00:00,0.00018464736,0.00074275915,-0.0003686583,,,,,,,
2021-04-11 06:00:00,0.00018712618,0.000757508,-0.00042085262,,,,,,,
2021-04-11 09:00:00,0.00018389535,0.00077086483,-0.0004679371,,,,,,,
2021-04-11 12:00:00,0.00018315736,0.00078478927,-0.00053420383,0.00017743328,0.00022151356,-0.0008385792,0.0003131833,0.000475385,-0.0004229086,1.3208811
2021-04-11 15:00:00,0.00018409977,0.0008026875,-0.0006483899,,,,,,,
2021-04-11 18:00:00,0.00019595888,0.0008078626,-0.00078552315,,,,,,,
2021-04-11 21:00:00,0.00020861794,0.0008091982,-0.0008997825,,,,,,,
2021-04-12 00:00:00,0.00020241822,0.0007939799,-0.0009973963,,,,,,,
2021-04-12 03:00:00,0.00019314358,0.0007554423,-0.0010288223,,,,,,,
2021-04-12 06:00:00,0.00017733427,0.00072788936,-0.0010898584,,,,,,,
2021-04-12 09:00:00,0.00015933035,0.0007062463,-0.0011604284,,,,,,,
2021-04-12 12:00:00,0.00015139794,0.00068834756,-0.0012062041,0.00015666551,0.00014698713,-0.0010403912,0.00030702876,0.00047251896,-0.0004062925,1.3127128
2021-04-12 15:00:00,0.00014462914,0.0006729222,-0.0012404822,,,,,,,
2021-04-12 18:00:00,0.00014389788,0.0006525149,-0.001271628,,,,,,,
2021-04-12 21:00:00,0.00013688956,0.0006306778,-0.001256792,,,,,,,
2021-04-13 00:00:00,0.00012114963,0.00060798024,-0.0012628603,,,,,,,
2021-04-13 03:00:00,0.00011328813,0.00058370206,-0.0012293351,,,,,,,
2021-04-13 06:00:00,0.000100960526,0.00054622773,-0.0011994237,,,,,,,
2021-04-13 09:00:00,9.404987e-05,0.000515748,-0.001201974,,,,,,,
2021-04-13 12:00:00,7.41061e-05,0.00048105716,-0.0011546691,0.0001268833,9.778588e-05,-0.0010192802,0.0003021135,0.00046861306,-0.00037822715,1.3024269
2021-04-13 15:00:00,7.083686e-05,0.0004403873,-0.001085046,,,,,,,
2021-04-13 18:00:00,7.166569e-05,0.000419833,-0.0010571758,,,,,,,
2021-04-13 21:00:00,7.62385e-05,0.00039539978,-0.0009837702,,,,,,,
2021-04-14 00:00:00,6.5579676e-05,0.00037607207,-0.00089549116,,,,,,,
2021-04-14 03:00:00,5.6990062e-05,0.00036409913,-0.0008672432,,,,,,,
2021-04-14 06:00:00,6.9424445e-05,0.00035769958,-0.0008658048,,,,,,,
2021-04-14 09:00:00,7.0701804e-05,0.00034764118,-0.00086791435,,,,,,,
2021-04-14 12:00:00,5.600162e-05,0.0003381141,-0.0008716243,0.0001123439,0.000111845635,-0.0008416477,0.00029898257,0.00046619016,-0.00035467456,1.294243
2021-04-14 15:00:00,7.5668235e-05,0.00032025264,-0.000855615,,,,,,,
2021-04-14 18:00:00,9.9981284e-05,0.0003038482,-0.0008668971,,,,,,,
2021-04-14 21:00:00,0.000119243196,0.00027846362,-0.000852967,,,,,,,
2021-04-15 00:00:00,0.00012352878,0.0002440662,-0.0008094104,,,,,,,
2021-04-15 03:00:00,0.00012819984,0.00020305335,-0.00071559695,,,,,,,
2021-04-15 06:00:00,0.00012758384,0.00016737249,-0.0006655311,,,,,,,
2021-04-15 09:00:00,0.00012138336,0.00013053218,-0.0005906365,,,,,,,
2021-04-15 12:00:00,0.000106146064,8.836875e-05,-0.00049664784,0.00011834659,0.00013233394,-0.00066989154,0.0003454973,0.0005056068,-0.00049700506,1.3266187
2021-04-15 15:00:00,9.7484386e-05,4.0217885e-05,-0.00038138346,,,,,,,
2021-04-15 18:00:00,0.000105281826,1.6714419e-05,-0.00035324538,,,,,,,
2021-04-15 21:00:00,0.00012582644,-2.4527287e-06,-0.0002982396,,,,,,,
2021-04-16 00:00:00,0.00013717507,-5.293675e-06,-0.00019650864,,,,,,,
2021-04-16 03:00:00,0.00016466803,-4.91084e-07,-0.00014273544,,,,,,,
2021-04-16 06:00:00,0.00018354403,1.3360852e-06,-8.1584185e-05,,,,,,,
2021-04-16 09:00:00,0.00019839496,2.0055846e-05,-9.397802e-05,,,,,,,
2021-04-16 12:00:00,0.00023129526,5.5181452e-05,-0.00016121344,0.00012740893,0.00016102236,-0.00057659193,0.00035024478,0.0005250938,-0.00053837517,1.3371806
2021-04-16 15:00:00,0.00026498435,8.534475e-05,-0.00021905095,,,,,,,
2021-04-16 18:00:00,0.00029425282,0.00010393923,-0.00030525046,,,,,,,
2021-04-16 21:00:00,0.00032009932,0.00011611589,-0.00034266576,,,,,,,
2021-04-17 00:00:00,0.0003327348,0.00013279871,-0.00031058927,,,,,,,
2021-04-17 03:00:00,0.00034135152,0.00015088875,-0.0002859573,,,,,,,
2021-04-17 06:00:00,0.00035117235,0.00015411586,-0.000278905,,,,,,,
2021-04-17 09:00:00,0.00034858624,0.000156484,-0.00028674823,,,,,,,
2021-04-17 12:00:00,0.00033140377,0.00015587303,-0.00020973032,0.00013548828,0.00016044949,-0.00059933146,0.00035603944,0.00052995735,-0.0005300103,1.3300848
2021-04-17 15:00:00,0.0003213497,0.00013171913,-7.480174e-05,,,,,,,
2021-04-17 18:00:00,0.00031067277,0.00012156134,-4.517164e-06,,,,,,,
2021-04-17 21:00:00,0.00029370023,0.00012326249,6.312532e-05,,,,,,,
2021-04-18 00:00:00,0.00030134965,0.00014045596,6.909101e-05,,,,,,,
2021-04-18 03:00:00,0.00031426447,0.00016184863,9.786136e-05,,,,,,,
2021-04-18 06:00:00,0.00031757416,0.00018032911,8.4796615e-05,,,,,,,
2021-04-18 09:00:00,0.00032099203,0.00020954432,6.182738e-05,,,,,,,
2021-04-18 12:00:00,0.00033504056,0.0002252931,9.981021e-05,0.00013395037,0.00016266997,-0.0006919955,0.00035212038,0.0005247445,-0.0004925004,1.3136653
2021-04-18 15:00:00,0.00035292987,0.0002411431,0.00012345663,,,,,,,
2021-04-18 18:00:00,0.00036406762,0.0002568604,5.242614e-05,,,,,,,
2021-04-18 21:00:00,0.0003456137,0.00028860354,-3.3839387e-05,,,,,,,
2021-04-19 00:00:00,0.00033357466,0.00031679936,-8.49579e-05,,,,,,,
2021-04-19 03:00:00,0.00032088495,0.00033782006,-0.00013099333,,,,,,,
2021-04-19 06:00:00,0.00029107498,0.00035373654,-0.00015718877,,,,,,,
2021-04-19 09:00:00,0.00025446774,0.0003603094,-0.0001212081,,,,,,,
2021-04-19 12:00:00,0.00021888204,0.00034158508,-6.482507e-05,0.00010547872,0.00016413597,-0.0007017762,0.00034551346,0.00051653746,-0.00044490595,1.2980354
2021-04-19 15:00:00,0.00019099124,0.00033609968,-4.0709416e-05,,,,,,,
2021-04-19 18:00:00,0.00016986585,0.0003356645,-4.8877053e-05,,,,,,,
2021-04-19 21:00:00,0.00013862211,0.00034178485,-4.599753e-05,,,,,,,
2021-04-20 00:00:00,0.00011928912,0.00036360137,-0.00012471208,,,,,,,
2021-04-20 03:00:00,0.0001162591,0.00040094444,-0.00020206143,,,,,,,
2021-04-20 06:00:00,0.00011168565,0.00044351796,-0.00025979604,,,,,,,
2021-04-20 09:00:00,0.00010049511,0.0004683595,-0.00025144956,,,,,,,
2021-04-20 12:00:00,7.836484e-05,0.00048174657,-0.000204489,8.464039e-05,0.00018262757,-0.00056524976,0.00033595343,0.0005054364,-0.0004026051,1.2779629
2021-04-20 15:00:00,6.401828e-05,0.0004890696,-0.00012192113,,,,,,,
2021-04-20 18:00:00,4.8284943e-05,0.0005096437,-7.328101e-05,,,,,,,
2021-04-20 21:00:00,4.6484893e-05,0.00052238634,-7.771283e-06,,,,,,,
2021-04-21 00:00:00,4.8185557e-05,0.0005363619,6.326078e-05,,,,,,,
2021-04-21 03:00:00,4.141712e-05,0.0005481799,0.00012318285,,,,,,,
2021-04-21 06:00:00,5.0915467e-05,0.00055453065,0.00017574009,,,,,,,
2021-04-21 09:00:00,6.6995504e-05,0.0005512265,0.00024836278,,,,,,,
2021-04-21 12:00:00,9.864217e-05,0.0005524139,0.00030879737,0.00010271466,0.00020955893,-0.0005308156,0.00032812537,0.0004951303,-0.00037499145,1.2609413
2021-04-21 15:00:00,0.00013227868,0.0005694942,0.0003369971,,,,,,,
2021-04-21 18:00:00,0.0001557032,0.00057509047,0.00032183758,,,,,,,
2021-04-21 21:00:00,0.00018667182,0.00057096366,0.00036132056,,,,,,,
2021-04-22 00:00:00,0.0002228151,0.0005789038,0.00031038473,,,,,,,
2021-04-22 03:00:00,0.0002602146,0.00058462564,0.00028093916,,,,,,,
2021-04-22 06:00:00,0.00029050614,0.00058757723,0.00024339979,,,,,,,
2021-04-22 09:00:00,0.00031815952,0.0005951466,0.00019662436,,,,,,,
2021-04-22 12:00:00,0.00034811834,0.00060792634,0.00014057383,0.00014355345,0.00021363416,-0.0006183162,0.0003206115,0.0004883525,-0.00035815145,1.2445712
2021-04-22 15:00:00,0.00037110923,0.00064423186,5.761439e-05,,,,,,,
2021-04-22 18:00:00,0.000390678,0.0006734698,-4.712068e-05,,,,,,,
2021-04-22 21:00:00,0.00039290776,0.00069132535,-0.00011889295,,,,,,,
2021-04-23 00:00:00,0.00040749944,0.0007247436,-0.00021894091,,,,,,,
2021-04-23 03:00:00,0.0004218387,0.000755301,-0.00030238536,,,,,,,
2021-04-23 06:00:00,0.00043365013,0.0007670356,-0.00038329756,,,,,,,
2021-04-23 09:00:00,0.00043724338,0.00077298423,-0.00045611354,,,,,,,
2021-04-23 12:00:00,0.0004349023,0.00079476234,-0.0005582153,0.00016064281,0.00022785827,-0.00071710587,0.00031105775,0.00047902064,-0.0003169778,1.22735
2021-04-23 15:00:00,0.0004356851,0.0008335968,-0.0006952432,,,,,,,
2021-04-23 18:00:00,0.00041931577,0.0008556691,-0.00080453523,,,,,,,
2021-04-23 21:00:00,0.0003891604,0.00086344214,-0.000900427,,,,,,,
2021-04-24 00:00:00,0.00035417054,0.0008731085,-0.000992195,,,,,,,
2021-04-24 03:00:00,0.00033003042,0.0008778607,-0.0010751467,,,,,,,
2021-04-24 06:00:00,0.0003109543,0.00085823116,-0.0011203794,,,,,,,
2021-04-24 09:00:00,0.00028248038,0.00083696167,-0.0011519872,,,,,,,
2021-04-24 12:00:00,0.000259152,0.0008223005,-0.0011678707,0.00014992984,0.00022143817,-0.0006773588,0.00029711885,0.0004698804,-0.0002631274,1.2137747
2021-04-24 15:00:00,0.00025356357,0.0008080902,-0.001201835,,,,,,,
2021-04-24 18:00:00,0.00024249016,0.0007864629,-0.0012512999,,,,,,,
2021-04-24 21:00:00,0.00022782209,0.0007513839,-0.0012334395,,,,,,,
2021-04-25 00:00:00,0.00021948054,0.0007369952,-0.0012926187,,,,,,,
2021-04-25 03:00:00,0.00019303804,0.0007218961,-0.001319452,,,,,,,
2021-04-25 06:00:00,0.00016607113,0.00071273,-0.0013960304,,,,,,,
2021-04-25 09:00:00,0.0001474733,0.0007028389,-0.0014652305,,,,,,,
2021-04-25 12:00:00,0.00012200538,0.00072105473,-0.0016075679,0.00014748474,0.00018798638,-0.00059467915,0.00029624224,0.00046938518,-0.0002558768,1.2077038
2021-04-25 15:00:00,0.00010099704,0.0007337761,-0.0017190443,,,,,,,
2021-04-25 18:00:00,7.363167e-05,0.00073461316,-0.0018382116,,,,,,,
2021-04-25 21:00:00,4.4085475e-05,0.0007300014,-0.0019369482,,,,,,,
2021-04-26 00:00:00,2.047401e-05,0.0007429246,-0.0020591903,,,,,,,
2021-04-26 03:00:00,-1.2936994e-05,0.0007534776,-0.002141534,,,,,,,
2021-04-26 06:00:00,-4.757849e-05,0.0007587524,-0.0021915275,,,,,,,
2021-04-26 09:00:00,-7.301453e-05,0.00076285575,-0.002223185,,,,,,,
2021-04-26 12:00:00,-0.000105001025,0.00077769905,-0.0022421868,0.00012435502,0.0001664445,-0.0005443829,0.00027906607,0.0004548301,-0.00020941405,1.1918697
2021-04-26 15:00:00,-0.00014770376,0.0007797077,-0.0022129298,,,,,,,
2021-04-26 18:00:00,-0.00018484092,0.00078482134,-0.002215202,,,,,,,
2021-04-26 21:00:00,-0.00021054286,0.0007895924,-0.0021686906,,,,,,,
2021-04-27 00:00:00,-0.00024165554,0.0008104369,-0.00215824,,,,,,,
2021-04-27 03:00:00,-0.0002831602,0.0008244762,-0.002121497,,,,,,,
2021-04-27 06:00:00,-0.00030246165,0.0008458127,-0.002105194,,,,,,,
2021-04-27 09:00:00,-0.0003269583,0.0008672703,-0.0020653286,,,,,,,
2021-04-27 12:00:00,-0.00035917957,0.0008899279,-0.0020406493,9.585617e-05,0.0001980751,-0.00046107938,0.00026436284,0.00044125656,-0.00015526955,1.1752999
2021-04-27 15:00:00,-0.00038408046,0.00089408964,-0.0019787436,,,,,,,
2021-04-27 18:00:00,-0.00040368806,0.0008928336,-0.0019117149,,,,,,,
2021-04-27 21:00:00,-0.00042088484,0.0008863492,-0.0018514601,,,,,,,
2021-04-28 00:00:00,-0.0004326008,0.00088717224,-0.0018148039,,,,,,,
2021-04-28 03:00:00,-0.0004476,0.00087564165,-0.0017320329,,,,,,,
2021-04-28 06:00:00,-0.0004462907,0.0008669169,-0.0016973343,,,,,,,
2021-04-28 09:00:00,-0.00045744688,0.00085671654,-0.0016349648,,,,,,,
2021-04-28 12:00:00,-0.0004537432,0.0008421639,-0.0016182107,7.462321e-05,0.00019591773,-0.00046545756,0.00025094245,0.000428326,-9.301645e-05,1.1567069
2021-04-28 15:00:00,-0.00044760414,0.0008196195,-0.001576918,,,,,,,
2021-04-28 18:00:00,-0.00043968632,0.00081296416,-0.0015490243,,,,,,,
2021-04-28 21:00:00,-0.00042044683,0.0008080777,-0.0015243465,,,,,,,
2021-04-29 00:00:00,-0.00040563382,0.0008133601,-0.0015083834,,,,,,,
2021-04-29 03:00:00,-0.00039062728,0.0008105767,-0.0014895537,,,,,,,
2021-04-29 06:00:00,-0.00037608188,0.0008190108,-0.0014707228,,,,,,,
2021-04-29 09:00:00,-0.00036719057,0.0008258072,-0.0014507642,,,,,,,
2021-04-29 12:00:00,-0.00036458243,0.00081660645,-0.001446261,6.382978e-05,0.00017352984,-0.0004899159,0.00023946167,0.0004149165,-2.7168135e-05,1.1424338
2021-04-29 15:00:00,-0.00035825715,0.00080643076,-0.0014353236,,,,,,,
2021-04-29 18:00:00,-0.0003588027,0.00080398814,-0.0014257575,,,,,,,
2021-04-29 21:00:00,-0.0003393721,0.0008019692,-0.0014237388,,,,,,,
2021-04-30 00:00:00,-0.00032595225,0.000797691,-0.0014173181,,,,,,,
2021-04-30 03:00:00,-0.00031750702,0.0007853908,-0.0014095982,,,,,,,
2021-04-30 06:00:00,-0.00030294442,0.0007771593,-0.0014190793,,,,,,,
2021-04-30 09:00:00,-0.0002844188,0.0007686089,-0.001424358,,,,,,,
2021-04-30 12:00:00,-0.00027464578,0.0007533882,-0.001420009,7.583952e-05,0.0001709885,-0.0004368017,0.00023605695,0.00040125713,1.7220591e-05,1.1282573
2021-04-30 15:00:00,-0.00026456316,0.00073934416,-0.0013911957,,,,,,,
2021-04-30 18:00:00,-0.00024252436,0.00073363323,-0.0013612716,,,,,,,
2021-04-30 21:00:00,-0.00022103939,0.00072966324,-0.0013330175,,,,,,,
2021-05-01 00:00:00,-0.0002060357,0.0007244161,-0.0013436222,,,,,,,
2021-05-01 03:00:00,-0.0001715314,0.0007153921,-0.0013509213,,,,,,,
2021-05-01 06:00:00,-0.00014602733,0.0007037771,-0.0013391095,,,,,,,
2021-05-01 09:00:00,-0.000114496535,0.00070373295,-0.0013411758,,,,,,,
2021-05-01 12:00:00,-8.511294e-05,0.00071488525,-0.0013279393,0.000108581815,0.00017830817,-0.0004107467,0.00023268793,0.0003860127,5.799983e-05,1.1120158
2021-05-01 15:00:00,-6.464926e-05,0.0007264303,-0.001300536,,,,,,,
2021-05-01 18:00:00,-3.7961367e-05,0.0007378014,-0.0013258493,,,,,,,
2021-05-01 21:00:00,-9.735534e-06,0.00074695994,-0.00132988,,,,,,,
2021-05-02 00:00:00,-1.4046164e-05,0.00076224236,-0.0013487167,,,,,,,
2021-05-02 03:00:00,-1.4507614e-05,0.00076836155,-0.0013902831,,,,,,,
2021-05-02 06:00:00,-5.2198316e-06,0.0007740956,-0.0014412759,,,,,,,
2021-05-02 09:00:00,-6.46367e-06,0.0007758305,-0.0014415991,,,,,,,
2021-05-02 12:00:00,-2.2475073e-05,0.0007860664,-0.001449159,0.000118257456,0.00018933909,-0.0004335605,0.00023012963,0.00037109244,0.00010871593,1.0945183
2021-05-02 15:00:00,-2.9605417e-05,0.00078190974,-0.0014464475,,,,,,,
2021-05-02 18:00:00,-5.4689208e-05,0.00077756506,-0.0014226123,,,,,,,
2021-05-02 21:00:00,-6.940628e-05,0.0007737383,-0.0014266201,,,,,,,
2021-05-03 00:00:00,-8.5435524e-05,0.00077067583,-0.0014441244,,,,,,,
2021-05-03 03:00:00,-0.000104111175,0.0007654392,-0.0014318214,,,,,,,
2021-05-03 06:00:00,-0.00013226402,0.0007421445,-0.0013833655,,,,,,,
2021-05-03 09:00:00,-0.00016434497,0.00073120627,-0.0013519751,,,,,,,
2021-05-03 12:00:00,-0.00022031367,0.0007209408,-0.0012879709,9.167962e-05,0.0001845151,-0.00045317033,0.00022615131,0.00035763995,0.00016510146,1.0841767
2021-05-03 15:00:00,-0.00027209282,0.00071329024,-0.0012541324,,,,,,,
2021-05-03 18:00:00,-0.00032954474,0.00071270805,-0.0012087526,,,,,,,
2021-05-03 21:00:00,-0.0003724317,0.0006945302,-0.0011742454,,,,,,,
2021-05-04 00:00:00,-0.0004244932,0.0006825783,-0.0011468211,,,,,,,
2021-05-04 03:00:00,-0.0004764114,0.00067480846,-0.0011397172,,,,,,,
2021-05-04 06:00:00,-0.00052035047,0.00066029833,-0.0011292221,,,,,,,
2021-05-04 09:00:00,-0.00054935674,0.0006558077,-0.0011505947,,,,,,,
2021-05-04 12:00:00,-0.000595108,0.0006521203,-0.0011698555,3.9209102e-05,0.00016982474,-0.00032556913,0.00022239157,0.00034731644,0.0002175169,1.0677133
2021-05-04 15:00:00,-0.00062391657,0.00064183195,-0.0011590403,,,,,,,
2021-05-04 18:00:00,-0.00066374004,0.0006384997,-0.0011354322,,,,,,,
2021-05-04 21:00:00,-0.0006892457,0.0006215446,-0.0011086093,,,,,,,
2021-05-05 00:00:00,-0.0007211705,0.0006066635,-0.001036788,,,,,,,
2021-05-05 03:00:00,-0.00075660803,0.00058633706,-0.0009840657,,,,,,,
2021-05-05 06:00:00,-0.0007683454,0.0005674445,-0.0009687417,,,,,,,
2021-05-05 09:00:00,-0.0007714051,0.00055334956,-0.0009240036,,,,,,,
2021-05-05 12:00:00,-0.0007789601,0.000528262,-0.0008875244,5.9838962e-06,0.00014555929,-0.00027052674,0.00021846108,0.00033402978,0.00027197687,1.0496715
2021-05-05 15:00:00,-0.0007680495,0.0005167036,-0.0008665338,,,,,,,
2021-05-05 18:00:00,-0.00077646086,0.0005081169,-0.0007931653,,,,,,,
2021-05-05 21:00:00,-0.0007723545,0.00049397664,-0.0007692456,,,,,,,
2021-05-06 00:00:00,-0.00077250064,0.0004870639,-0.0007010139,,,,,,,
2021-05-06 03:00:00,-0.0007693444,0.00047123997,-0.0005840225,,,,,,,
2021-05-06 06:00:00,-0.0007593759,0.0004696168,-0.0004960907,,,,,,,
2021-05-06 09:00:00,-0.0007367514,0.00047208197,-0.0004390282,,,,,,,
2021-05-06 12:00:00,-0.00071886013,0.00045861295,-0.00040859406,1.802824e-05,0.00013031144,-0.00032022342,0.0002176692,0.00032061257,0.00030559459,1.0338624
2021-05-06 15:00:00,-0.00070808886,0.0004486294,-0.00039158892,,,,,,,
2021-05-06 18:00:00,-0.00068654004,0.00044177417,-0.00042574218,,,,,,,
2021-05-06 21:00:00,-0.0006480296,0.00041769055,-0.0004414646,,,,,,,
2021-05-07 00:00:00,-0.0006251152,0.00040586432,-0.00045204052,,,,,,,
2021-05-07 03:00:00,-0.0006032625,0.000394564,-0.00047661434,,,,,,,
2021-05-07 06:00:00,-0.00056366227,0.00039251545,-0.00053230283,,,,,,,
2021-05-07 09:00:00,-0.0005281937,0.00039254277,-0.0006003734,,,,,,,
2021-05-07 12:00:00,-0.00049979053,0.000388148,-0.00066703366,4.9985225e-05,0.00010117536,-0.00043137738,0.00021541167,0.00031183162,0.00035255845,1.0167445
2021-05-07 15:00:00,-0.00047545283,0.00038457388,-0.0007208286,,,,,,,
2021-05-07 18:00:00,-0.00045915472,0.00039811208,-0.0007747303,,,,,,,
2021-05-07 21:00:00,-0.00043445715,0.00040888507,-0.0007891072,,,,,,,
2021-05-08 00:00:00,-0.0004168806,0.00041195736,-0.00078447483,,,,,,,
2021-05-08 03:00:00,-0.00041662302,0.0004165351,-0.0007225946,,,,,,,
2021-05-08 06:00:00,-0.00041782222,0.00043713555,-0.0007318284,,,,,,,
2021-05-08 09:00:00,-0.00041224904,0.0004454306,-0.00071611366,,,,,,,
2021-05-08 12:00:00,-0.00042491872,0.00045541345,-0.0006862951,5.9869773e-05,0.00010577714,-0.00051125616,0.00021214136,0.00030187148,0.0003928625,1.0001715
2021-05-08 15:00:00,-0.00044079,0.00047156273,-0.00066729257,,,,,,,
2021-05-08 18:00:00,-0.0004383656,0.0004942164,-0.00066749833,,,,,,,
2021-05-08 21:00:00,-0.0004409604,0.00051779894,-0.0006165957,,,,,,,
2021-05-09 00:00:00,-0.0004321666,0.00054002414,-0.0005704354,,,,,,,
2021-05-09 03:00:00,-0.00043308205,0.0005649614,-0.00050987257,,,,,,,
2021-05-09 06:00:00,-0.00041730303,0.0005859533,-0.00052242837,,,,,,,
2021-05-09 09:00:00,-0.00039808877,0.0005912469,-0.00048638534,,,,,,,
2021-05-09 12:00:00,-0.000384263,0.0005936131,-0.00045179078,6.33246e-05,0.00013957948,-0.0004571298,0.00020735615,0.00029250464,0.00042348623,0.9861391
2021-05-09 15:00:00,-0.00036409963,0.00060890126,-0.00044629409,,,,,,,
2021-05-09 18:00:00,-0.00033986397,0.0006189438,-0.00044602307,,,,,,,
2021-05-09 21:00:00,-0.0002917719,0.00061537983,-0.0003944711,,,,,,,
2021-05-10 00:00:00,-0.00025561597,0.000618879,-0.00034655427,,,,,,,
2021-05-10 03:00:00,-0.00022721586,0.00061632204,-0.00033555302,,,,,,,
2021-05-10 06:00:00,-0.00019488686,0.00061288226,-0.00034864488,,,,,,,
2021-05-10 09:00:00,-0.0001671557,0.00059494923,-0.00029847602,,,,,,,
2021-05-10 12:00:00,-0.0001594946,0.00057760667,-0.00027739094,8.233024e-05,0.00014422866,-0.00047327357,0.00020362689,0.00028041698,0.0004488711,0.96780527
2021-05-10 15:00:00,-0.00014627357,0.00058354705,-0.0003311374,,,,,,,
2021-05-10 18:00:00,-0.00013253976,0.0005969901,-0.00032182396,,,,,,,
2021-05-10 21:00:00,-0.000115439725,0.00059681665,-0.00027586657,,,,,,,
2021-05-11 00:00:00,-0.000105995205,0.0005960686,-0.00028695088,,,,,,,
2021-05-11 03:00:00,-0.000102792146,0.00058883533,-0.0002840096,,,,,,,
2021-05-11 06:00:00,-9.828535e-05,0.0005769042,-0.00032088495,,,,,,,
2021-05-11 09:00:00,-9.263952e-05,0.0005564287,-0.0003119163,,,,,,,
2021-05-11 12:00:00,-9.551036e-05,0.0005425697,-0.00033826492,8.4611274e-05,0.00013902709,-0.00056710746,0.00019789921,0.00026939693,0.00048472395,0.9487442
2021-05-11 15:00:00,-0.000111337125,0.000553218,-0.0004396954,,,,,,,
2021-05-11 18:00:00,-0.00011463807,0.00057472836,-0.0005504314,,,,,,,
2021-05-11 21:00:00,-0.00011344886,0.0005798527,-0.000665776,,,,,,,
2021-05-12 00:00:00,-0.00013873905,0.00057620095,-0.00069677475,,,,,,,
2021-05-12 03:00:00,-0.00016364564,0.00059270195,-0.00074336695,,,,,,,
2021-05-12 06:00:00,-0.00018672689,0.0005976531,-0.0007301347,,,,,,,
2021-05-12 09:00:00,-0.00022782871,0.0005948351,-0.0007249876,,,,,,,
2021-05-12 12:00:00,-0.00027466152,0.0005933179,-0.0007379083,4.7906877e-05,0.00012513928,-0.0005761253,0.00019461298,0.0002605263,0.00051000697,0.93004096
2021-05-12 15:00:00,-0.00029901313,0.0005851051,-0.00079861074,,,,,,,
2021-05-12 18:00:00,-0.00032679824,0.000584815,-0.00083731936,,,,,,,
2021-05-12 21:00:00,-0.00034487102,0.00059152173,-0.00085081387,,,,,,,
2021-05-13 00:00:00,-0.00037381143,0.0006111236,-0.0009124011,,,,,,,
2021-05-13 03:00:00,-0.00038476588,0.0006166542,-0.0009141521,,,,,,,
2021-05-13 06:00:00,-0.00041977616,0.00063623884,-0.00094101945,,,,,,,
2021-05-13 09:00:00,-0.0004320866,0.0006611132,-0.0009801533,,,,,,,
2021-05-13 12:00:00,-0.00045692356,0.0006740956,-0.0009924395,2.4066434e-05,0.00012987513,-0.0005098503,0.00020162246,0.0002564934,0.0005115782,0.9134703
2021-05-13 15:00:00,-0.0004780734,0.0006799173,-0.0010580502,,,,,,,
2021-05-13 18:00:00,-0.0004964403,0.0006899129,-0.0010814823,,,,,,,
2021-05-13 21:00:00,-0.0005017032,0.00069044443,-0.0010814858,,,,,,,
2021-05-14 00:00:00,-0.00051686855,0.000684617,-0.0010952262,,,,,,,
2021-05-14 03:00:00,-0.0005310741,0.0006687894,-0.0010792101,,,,,,,
2021-05-14 06:00:00,-0.00053900195,0.00065866136,-0.0010768931,,,,,,,
2021-05-14 09:00:00,-0.0005334416,0.0006480836,-0.0010854208,,,,,,,
2021-05-14 12:00:00,-0.0005446001,0.00064090337,-0.0010898856,2.7782364e-05,0.00013910246,-0.0004925039,0.00020429664,0.0002544736,0.00052306993,0.8931609
2021-05-14 15:00:00,-0.00053508655,0.00062226603,-0.001106117,,,,,,,
2021-05-14 18:00:00,-0.0005429566,0.0006141253,-0.0011228521,,,,,,,
2021-05-14 21:00:00,-0.00052724883,0.0006014987,-0.0011477189,,,,,,,
2021-05-15 00:00:00,-0.00053601235,0.00059040403,-0.0011651185,,,,,,,
2021-05-15 03:00:00,-0.0005396498,0.00057503284,-0.001157955,,,,,,,
2021-05-15 06:00:00,-0.00054386,0.00057405955,-0.0011798813,,,,,,,
2021-05-15 09:00:00,-0.000547575,0.0005654263,-0.0012052584,,,,,,,
2021-05-15 12:00:00,-0.000568295,0.0005544002,-0.0012128428,4.322778e-05,0.00013087854,-0.000417678,0.00020571698,0.00024618948,0.0005510926,0.87500197
2021-05-15 15:00:00,-0.00058793667,0.00053422764,-0.0012451294,,,,,,,
2021-05-15 18:00:00,-0.0005953166,0.00052578567,-0.0012741849,,,,,,,
2021-05-15 21:00:00,-0.0006026374,0.0005051024,-0.0012817301,,,,,,,
2021-05-16 00:00:00,-0.0006097302,0.0004912523,-0.0013015246,,,,,,,
2021-05-16 03:00:00,-0.0006097017,0.00047501706,-0.0013157997,,,,,,,
2021-05-16 06:00:00,-0.00061317754,0.00047201922,-0.0013382174,,,,,,,
2021-05-16 09:00:00,-0.0006114416,0.0004561621,-0.0013789657,,,,,,,
2021-05-16 12:00:00,-0.00062955753,0.00044428487,-0.001415022,5.083476e-05,0.000117558884,-0.0003103427,0.00020546265,0.00023690161,0.0005731147,0.8564278
2021-05-16 15:00:00,-0.0006265849,0.00042059706,-0.0014218688,,,,,,,
2021-05-16 18:00:00,-0.00062286115,0.00041354948,-0.0014373527,,,,,,,
2021-05-16 21:00:00,-0.0006118836,0.00040317315,-0.0014547259,,,,,,,
2021-05-17 00:00:00,-0.0005913764,0.0003942037,-0.0014390199,,,,,,,
2021-05-17 03:00:00,-0.00057229016,0.00039575613,-0.0014893261,,,,,,,
2021-05-17 06:00:00,-0.00055015564,0.00040194206,-0.0015451958,,,,,,,
2021-05-17 09:00:00,-0.0005310478,0.00039048295,-0.0015697094,,,,,,,
2021-05-17 12:00:00,-0.00052350067,0.000373943,-0.0015787826,6.910942e-05,9.848855e-05,-0.00028411974,0.00020574244,0.00022907398,0.0005950677,0.8421322
2021-05-17 15:00:00,-0.00050003815,0.0003544583,-0.0016254124,,,,,,,
2021-05-17 18:00:00,-0.00047721836,0.00035396902,-0.0016353468,,,,,,,
2021-05-17 21:00:00,-0.00047239717,0.0003502829,-0.001638965,,,,,,,
2021-05-18 00:00:00,-0.0004733091,0.00034601122,-0.0016401882,,,,,,,
2021-05-18 03:00:00,-0.00046808072,0.00035400104,-0.0016918755,,,,,,,
2021-05-18 06:00:00,-0.0004527312,0.00036582313,-0.0017162187,,,,,,,
2021-05-18 09:00:00,-0.0004459708,0.00037752057,-0.0017373674,,,,,,,
2021-05-18 12:00:00,-0.00045151648,0.00038797213,-0.001762402,7.2803814e-05,8.834149e-05,-0.00032361163,0.00020234183,0.00022406632,0.0006250363,0.82753843
2021-05-18 15:00:00,-0.000448887,0.00040201133,-0.0018512998,,,,,,,
2021-05-18 18:00:00,-0.00044607156,0.00041336997,-0.0019169641,,,,,,,
2021-05-18 21:00:00,-0.00042956104,0.00042577146,-0.0019568943,,,,,,,
2021-05-19 00:00:00,-0.0004326073,0.00043987797,-0.001990543,,,,,,,
2021-05-19 03:00:00,-0.0004401839,0.00045489625,-0.0020463509,,,,,,,
2021-05-19 06:00:00,-0.00043959077,0.00046614456,-0.002083226,,,,,,,
2021-05-19 09:00:00,-0.00044433874,0.0004677083,-0.002058812,,,,,,,
2021-05-19 12:00:00,-0.0004503828,0.00046480965,-0.0020284536,6.267087e-05,0.000105636274,-0.00041828735,0.00020376807,0.00022014306,0.0006541658,0.8109397
2021-05-19 15:00:00,-0.00044413522,0.00046216018,-0.0020666495,,,,,,,
2021-05-19 18:00:00,-0.0004347866,0.00045914593,-0.0020434544,,,,,,,
2021-05-19 21:00:00,-0.00042921214,0.00044872402,-0.0019597567,,,,,,,
2021-05-20 00:00:00,-0.00041657238,0.0004383479,-0.0018735875,,,,,,,
2021-05-20 03:00:00,-0.0004089222,0.0004314115,-0.001796791,,,,,,,
2021-05-20 06:00:00,-0.00041116905,0.00043109056,-0.0016826591,,,,,,,
2021-05-20 09:00:00,-0.00040610597,0.00043235012,-0.0015615235,,,,,,,
2021-05-20 12:00:00,-0.00040578612,0.0004281269,-0.001424235,6.403713e-05,0.00013140772,-0.0004152591,0.00020171981,0.00021520906,0.0006715561,0.792561
2021-05-20 15:00:00,-0.00040985786,0.00042258238,-0.0013274517,,,,,,,
2021-05-20 18:00:00,-0.00043361683,0.0004232538,-0.0012547281,,,,,,,
2021-05-20 21:00:00,-0.00044978975,0.00041706333,-0.0011452726,,,,,,,
2021-05-21 00:00:00,-0.00045907588,0.00039842882,-0.000986333,,,,,,,
2021-05-21 03:00:00,-0.00048041568,0.00037490687,-0.00085207017,,,,,,,
2021-05-21 06:00:00,-0.00048871094,0.00034551803,-0.00069732254,,,,,,,
2021-05-21 09:00:00,-0.00048506795,0.0002977194,-0.00052298483,,,,,,,
2021-05-21 12:00:00,-0.00049531367,0.00024924026,-0.00041187232,6.4386826e-05,0.00013306734,-0.00028826797,0.00018823167,0.00020695274,0.0006732075,0.7780528
2021-05-21 15:00:00,-0.00050619495,0.00020215806,-0.00032965155,,,,,,,
2021-05-21 18:00:00,-0.0005292175,0.00016072001,-0.00020445292,,,,,,,
2021-05-21 21:00:00,-0.00053968583,0.0001225335,-9.829598e-05,,,,,,,
2021-05-22 00:00:00,-0.00054688554,8.2976105e-05,6.3961147e-07,,,,,,,
2021-05-22 03:00:00,-0.0005559284,5.423499e-05,8.9142064e-05,,,,,,,
2021-05-22 06:00:00,-0.00055475725,3.831429e-05,0.00012452358,,,,,,,
2021-05-22 09:00:00,-0.0005512398,2.350413e-05,0.00018403442,,,,,,,
2021-05-22 12:00:00,-0.0005465122,1.992699e-05,0.00017687392,6.121755e-05,0.0001192739,-0.00016966516,0.00018450826,0.00020302017,0.0006797272,0.7630565
2021-05-22 15:00:00,-0.0005467795,1.9708994e-05,0.00015926856,,,,,,,
2021-05-22 18:00:00,-0.00053254503,2.8514938e-05,0.00014347321,,,,,,,
2021-05-22 21:00:00,-0.00050897227,3.9709135e-05,0.00012260326,,,,,,,
2021-05-23 00:00:00,-0.00048425276,4.46837e-05,0.00012856594,,,,,,,
2021-05-23 03:00:00,-0.0004537798,5.8956e-05,0.00015811643,,,,,,,
2021-05-23 06:00:00,-0.00043300842,7.917416e-05,0.00013736605,,,,,,,
2021-05-23 09:00:00,-0.0004165416,9.5808085e-05,4.982595e-05,,,,,,,
2021-05-23 12:00:00,-0.00039218305,0.00011100456,-2.8339851e-05,7.2475086e-05,0.00013047938,-0.00018765006,0.0001856752,0.00019959101,0.00067816966,0.7512145
2021-05-23 15:00:00,-0.000359037,0.00012463774,-9.1718925e-05,,,,,,,
2021-05-23 18:00:00,-0.00033305405,0.00014173804,-0.00015509476,,,,,,,
2021-05-23 21:00:00,-0.00030456003,0.00016303523,-0.00024415832,,,,,,,
2021-05-24 00:00:00,-0.00026411284,0.00018704122,-0.00032991695,,,,,,,
2021-05-24 03:00:00,-0.00023466306,0.00020732118,-0.00041099216,,,,,,,
2021-05-24 06:00:00,-0.0001848275,0.00023036689,-0.00052616757,,,,,,,
2021-05-24 09:00:00,-0.00013175918,0.0002505042,-0.00059837574,,,,,,,
2021-05-24 12:00:00,-8.691986e-05,0.00026056197,-0.0006775611,0.000102454425,0.00011759006,-0.00029198063,0.00017724317,0.00019723791,0.00067125645,0.7412631
2021-05-24 15:00:00,-1.8776987e-05,0.00026761624,-0.0008058133,,,,,,,
2021-05-24 18:00:00,5.2537365e-05,0.00027788908,-0.0008842906,,,,,,,
2021-05-24 21:00:00,0.00011994418,0.00027917654,-0.0008989361,,,,,,,
2021-05-25 00:00:00,0.00016623999,0.0002751589,-0.00096978515,,,,,,,
2021-05-25 03:00:00,0.00021055786,0.00027021396,-0.0010248591,,,,,,,
2021-05-25 06:00:00,0.0002515532,0.00026461616,-0.0010809415,,,,,,,
2021-05-25 09:00:00,0.00027778873,0.00025426416,-0.0011536825,,,,,,,
2021-05-25 12:00:00,0.00029584003,0.00024678578,-0.0012145538,0.00012196837,0.00010418263,-0.00025073675,0.00015447981,0.00019746006,0.00064792694,0.7331654
2021-05-25 15:00:00,0.00029719571,0.00023818045,-0.0012326667,,,,,,,
2021-05-25 18:00:00,0.0002724217,0.0002468958,-0.0013095543,,,,,,,
2021-05-25 21:00:00,0.00027114816,0.00025477522,-0.0013809892,,,,,,,
2021-05-26 00:00:00,0.00024552358,0.00026130964,-0.001377725,,,,,,,
2021-05-26 03:00:00,0.0002212127,0.00027156086,-0.0014304672,,,,,,,
2021-05-26 06:00:00,0.00020060674,0.0002894092,-0.0014738429,,,,,,,
2021-05-26 09:00:00,0.00018627055,0.00030297152,-0.0014955333,,,,,,,
2021-05-26 12:00:00,0.00016096358,0.0003097519,-0.0015182096,0.000111389716,0.00010618673,-0.00021541075,0.00012708512,0.00019692312,0.00061814964,0.7349593
2021-05-26 15:00:00,0.00014877324,0.00031476567,-0.0015116822,,,,,,,
2021-05-26 18:00:00,0.00014463776,0.00031801016,-0.0015322592,,,,,,,
2021-05-26 21:00:00,0.00012920969,0.0003213549,-0.0015940127,,,,,,,
2021-05-27 00:00:00,0.000110799934,0.00032007255,-0.0016258174,,,,,,,
2021-05-27 03:00:00,0.00010140568,0.00031204105,-0.001664096,,,,,,,
2021-05-27 06:00:00,7.6620665e-05,0.00031465845,-0.0017111034,,,,,,,
2021-05-27 09:00:00,6.93746e-05,0.0003095596,-0.001727968,,,,,,,
2021-05-27 12:00:00,5.356358e-05,0.00029380998,-0.001697626,0.00011926383,0.00010925592,-0.0002404455,0.00010995529,0.00018788072,0.00063241576,0.7186351
2021-05-27 15:00:00,3.3085387e-05,0.00026899186,-0.0016967675,,,,,,,
2021-05-27 18:00:00,2.0338372e-05,0.00025912368,-0.0017063686,,,,,,,
2021-05-27 21:00:00,2.1402866e-05,0.00024141192,-0.0016733262,,,,,,,
2021-05-28 00:00:00,4.368492e-06,0.0002226182,-0.0016255288,,,,,,,
2021-05-28 03:00:00,-1.504931e-06,0.00019831542,-0.0015807599,,,,,,,
2021-05-28 06:00:00,-1.8222815e-06,0.00018643682,-0.0015559131,,,,,,,
2021-05-28 09:00:00,3.9161037e-06,0.00017615398,-0.0015200633,,,,,,,
2021-05-28 12:00:00,1.0748689e-06,0.0001612811,-0.0014711288,0.000120015735,0.00012846015,-0.00025097092,0.00010453405,0.00018441216,0.0006364926,0.698132
2021-05-28 15:00:00,6.895839e-06,0.00013415642,-0.001409684,,,,,,,
2021-05-28 18:00:00,-8.636682e-06,0.000108984386,-0.0013575271,,,,,,,
2021-05-28 21:00:00,-2.5061843e-06,8.133686e-05,-0.0012807145,,,,,,,
2021-05-29 00:00:00,6.4493734e-06,5.2500243e-05,-0.0012164934,,,,,,,
2021-05-29 03:00:00,1.2228897e-05,2.6151572e-05,-0.0011568993,,,,,,,
2021-05-29 06:00:00,3.857615e-05,8.101636e-06,-0.0011478501,,,,,,,
2021-05-29 09:00:00,6.748213e-05,-1.4660309e-05,-0.0011123271,,,,,,,
2021-05-29 12:00:00,8.399832e-05,-8.603834e-06,-0.0011372683,0.00010428264,0.0001232193,-0.00022464553,0.00011025975,0.00020315965,0.0005578315,0.69156414
2021-05-29 15:00:00,0.0001054861,-2.0341138e-05,-0.0011338717,,,,,,,
2021-05-29 18:00:00,0.00011070019,-3.8271162e-05,-0.0011156594,,,,,,,
2021-05-29 21:00:00,0.00010918672,-7.933166e-05,-0.0010212358,,,,,,,
2021-05-30 00:00:00,9.174655e-05,-0.00011923481,-0.00095675833,,,,,,,
2021-05-30 03:00:00,8.2369814e-05,-0.00015970002,-0.00089585985,,,,,,,
2021-05-30 06:00:00,6.246912e-05,-0.00018492351,-0.00081375043,,,,,,,
2021-05-30 09:00:00,5.1473962e-05,-0.00020965032,-0.0007297688,,,,,,,
2021-05-30 12:00:00,3.7321537e-05,-0.00023954562,-0.00066915835,8.3456885e-05,9.781964e-05,-0.00021045493,0.00013640223,0.00023355486,0.00045357132,0.69477594
2021-05-30 15:00:00,1.7218734e-05,-0.00028699916,-0.0005382157,,,,,,,
2021-05-30 18:00:00,8.855569e-07,-0.00029054182,-0.0005449934,,,,,,,
2021-05-30 21:00:00,4.8921347e-06,-0.00029182277,-0.0005769668,,,,,,,
2021-05-31 00:00:00,-6.569385e-06,-0.00028616178,-0.0005837954,,,,,,,
2021-05-31 03:00:00,-2.1733653e-05,-0.00028743272,-0.0005716072,,,,,,,
2021-05-31 06:00:00,-4.7006848e-05,-0.00027305417,-0.00056404044,,,,,,,
2021-05-31 09:00:00,-6.502781e-05,-0.00024841315,-0.00054065586,,,,,,,
2021-05-31 12:00:00,-8.059846e-05,-0.00022979657,-0.00050652755,5.2890413e-05,9.520892e-05,-0.0001359051,0.00012672326,0.00023139305,0.00046853922,0.67354333
2021-05-31 15:00:00,-8.750377e-05,-0.00022221921,-0.0004890637,,,,,,,
2021-05-31 18:00:00,-9.3372e-05,-0.00019549679,-0.00048250248,,,,,,,
2021-05-31 21:00:00,-9.930729e-05,-0.00017343802,-0.00050584663,,,,,,,
2021-06-01 00:00:00,-0.00010440718,-0.00015734714,-0.00050971145,,,,,,,
2021-06-01 03:00:00,-9.729435e-05,-0.00015278961,-0.00051643705,,,,,,,
2021-06-01 06:00:00,-9.696152e-05,-0.00014438058,-0.00050934305,,,,,,,
2021-06-01 09:00:00,-9.447405e-05,-0.000150246,-0.000479884,,,,,,,
2021-06-01 12:00:00,-8.21738e-05,-0.00016169032,-0.0004042461,6.0211758e-05,0.00013147063,-5.234027e-05,0.000129418,0.00023173171,0.00046889,0.65507174
2021-06-01 15:00:00,-4.1751886e-05,-0.00017313266,-0.00036999065,,,,,,,
2021-06-01 18:00:00,3.6820388e-06,-0.00015629746,-0.00039101762,,,,,,,
2021-06-01 21:00:00,6.12876e-05,-0.00014145768,-0.00043437295,,,,,,,
2021-06-02 00:00:00,0.00011454452,-0.00012718464,-0.00048905116,,,,,,,
2021-06-02 03:00:00,0.00016277541,-0.00012911503,-0.00052548293,,,,,,,
2021-06-02 06:00:00,0.00020259652,-0.00012518732,-0.0005475042,,,,,,,
2021-06-02 09:00:00,0.00022874649,-0.00012311761,-0.00058086525,,,,,,,
2021-06-02 12:00:00,0.000256202,-0.00012418993,-0.00061642,0.00010558306,0.0001271194,-9.2403556e-05,0.00013703313,0.0002318241,0.0004550025,0.63173705
2021-06-02 15:00:00,0.00028707704,-0.00011559098,-0.0006527272,,,,,,,
2021-06-02 18:00:00,0.00030739282,-0.000106738335,-0.0007204966,,,,,,,
2021-06-02 21:00:00,0.00034142655,-9.3143564e-05,-0.0008493453,,,,,,,
2021-06-03 00:00:00,0.0003665679,-8.2390616e-05,-0.0009181694,,,,,,,
2021-06-03 03:00:00,0.00039308637,-9.4118775e-05,-0.0009719463,,,,,,,
2021-06-03 06:00:00,0.0004183927,-8.785361e-05,-0.0010264724,,,,,,,
2021-06-03 09:00:00,0.00044005693,-8.443241e-05,-0.0010570774,,,,,,,
2021-06-03 12:00:00,0.00044635872,-7.787141e-05,-0.0011036622,0.00013785492,9.298079e-05,-0.00019574956,0.00012135601,0.00022055648,0.0004929917,0.6014677
2021-06-03 15:00:00,0.00046024556,-7.805003e-05,-0.0011019807,,,,,,,
2021-06-03 18:00:00,0.000467968,-7.700135e-05,-0.0011682452,,,,,,,
2021-06-03 21:00:00,0.00047280133,-7.34854e-05,-0.0012509256,,,,,,,
2021-06-04 00:00:00,0.00046874714,-6.405139e-05,-0.0013104798,,,,,,,
2021-06-04 03:00:00,0.00045735587,-6.6297296e-05,-0.0013402642,,,,,,,
2021-06-04 06:00:00,0.00044411642,-6.071903e-05,-0.0013830903,,,,,,,
2021-06-04 09:00:00,0.0004401829,-5.7066045e-05,-0.0014792022,,,,,,,
2021-06-04 12:00:00,0.0004240551,-5.520034e-05,-0.0015591617,0.00014179683,7.293396e-05,-0.00022493095,0.00011798245,0.00021851505,0.00048638773,0.58333623
2021-06-04 15:00:00,0.00041096503,-6.7540575e-05,-0.0015645182,,,,,,,
2021-06-04 18:00:00,0.00039193727,-6.633434e-05,-0.0016288583,,,,,,,
2021-06-04 21:00:00,0.00038538122,-8.02732e-05,-0.0016863766,,,,,,,
2021-06-05 00:00:00,0.00036614938,-8.340388e-05,-0.0017433325,,,,,,,
2021-06-05 03:00:00,0.00035329754,-8.837537e-05,-0.0017739105,,,,,,,
2021-06-05 06:00:00,0.00033475301,-9.4416486e-05,-0.001806434,,,,,,,
2021-06-05 09:00:00,0.00032281506,-0.000109958695,-0.0018058937,,,,,,,
2021-06-05 12:00:00,0.00029844395,-0.00010789718,-0.0017776518,0.00013089692,6.2842024e-05,-0.0001142229,0.00010611487,0.00020657224,0.0005020867,0.557676
2021-06-05 15:00:00,0.0002841004,-0.00011477623,-0.0017462897,,,,,,,
2021-06-05 18:00:00,0.00027276497,-0.00011627247,-0.0017083177,,,,,,,
2021-06-05 21:00:00,0.00026287878,-0.000115941446,-0.0016811152,,,,,,,
2021-06-06 00:00:00,0.00024141278,-0.00011035302,-0.0016305567,,,,,,,
2021-06-06 03:00:00,0.0002046964,-0.000107189524,-0.0015863599,,,,,,,
2021-06-06 06:00:00,0.00016704577,-9.331374e-05,-0.0015549023,,,,,,,
2021-06-06 09:00:00,0.00014328053,-9.415964e-05,-0.0014807249,,,,,,,
2021-06-06 12:00:00,0.00011740731,-8.3604136e-05,-0.0014312433,0.00012092046,8.6846114e-05,-7.5819495e-05,0.00010609481,0.00020135716,0.00050435704,0.5342036
2021-06-06 15:00:00,0.000119324046,-7.818924e-05,-0.0013685541,,,,,,,
2021-06-06 18:00:00,0.00011370286,-5.7005775e-05,-0.0013060545,,,,,,,
2021-06-06 21:00:00,0.00012580708,-5.334165e-05,-0.001246792,,,,,,,
2021-06-07 00:00:00,0.00012881242,-3.7908285e-05,-0.0012068709,,,,,,,
2021-06-07 03:00:00,0.00013337003,-3.1753723e-05,-0.0011385328,,,,,,,
2021-06-07 06:00:00,0.00013827594,-1.50779715e-05,-0.0010677406,,,,,,,
2021-06-07 09:00:00,0.00014418918,-8.067362e-06,-0.0009979765,,,,,,,
2021-06-07 12:00:00,0.00014513503,-4.9785026e-06,-0.0009073679,0.00011161971,0.00012356398,-9.7746975e-05,0.000104102226,0.00019700138,0.00049407023,0.5157411
2021-06-07 15:00:00,0.00015046899,-8.789575e-06,-0.00075285515,,,,,,,
2021-06-07 18:00:00,0.00014324719,5.533109e-06,-0.0007017597,,,,,,,
2021-06-07 21:00:00,0.00014271692,1.8874493e-05,-0.00069560943,,,,,,,
2021-06-08 00:00:00,0.00012047937,4.096836e-05,-0.00065593806,,,,,,,
2021-06-08 03:00:00,0.00011498543,6.291545e-05,-0.00065740565,,,,,,,
2021-06-08 06:00:00,9.179221e-05,8.8879606e-05,-0.00069406687,,,,,,,
2021-06-08 09:00:00,6.6901724e-05,0.000111224115,-0.00072690693,,,,,,,
2021-06-08 12:00:00,1.39916965e-05,0.00012649276,-0.00074877,8.7416374e-05,0.00013865094,-0.00017146418,9.198264e-05,0.00018143722,0.0005465543,0.4805945
2021-06-08 15:00:00,-2.2521475e-05,0.00012256193,-0.00074690935,,,,,,,
2021-06-08 18:00:00,-5.8320496e-05,0.00012084798,-0.0007277858,,,,,,,
2021-06-08 21:00:00,-9.1782254e-05,9.4427145e-05,-0.0006987131,,,,,,,
2021-06-09 00:00:00,-0.00013034472,6.0972554e-05,-0.0006338649,,,,,,,
2021-06-09 03:00:00,-0.00015299903,2.5796597e-05,-0.0005542747,,,,,,,
2021-06-09 06:00:00,-0.00019091071,1.0857146e-06,-0.0004806929,,,,,,,
2021-06-09 09:00:00,-0.00020147506,-4.41106e-05,-0.00040868676,,,,,,,
2021-06-09 12:00:00,-0.00022795754,-6.476769e-05,-0.0003928184,5.2435902e-05,0.00013064157,-0.00014366659,9.609666e-05,0.00017983645,0.00055792206,0.46004686
2021-06-09 15:00:00,-0.00025618283,-8.535087e-05,-0.00032310432,,,,,,,
2021-06-09 18:00:00,-0.0002683873,-0.000111465866,-0.0003153725,,,,,,,
2021-06-09 21:00:00,-0.0002753262,-0.00015421495,-0.00031055397,,,,,,,
2021-06-10 00:00:00,-0.00029101357,-0.00019311486,-0.00024047433,,,,,,,
2021-06-10 03:00:00,-0.00032229366,-0.00024009874,-0.00014722503,,,,,,,
2021-06-10 06:00:00,-0.00034315605,-0.00027433908,-6.9248264e-05,,,,,,,
2021-06-10 09:00:00,-0.00032728963,-0.00030078564,-5.1078994e-05,,,,,,,
2021-06-10 12:00:00,-0.00032631215,-0.0003229603,1.7674483e-05,3.595555e-05,0.00011776436,-2.8364884e-06,9.8541575e-05,0.0001802676,0.0005697045,0.44238287
2021-06-10 15:00:00,-0.0003240809,-0.00033890322,4.827432e-05,,,,,,,
2021-06-10 18:00:00,-0.00032165373,-0.00034349476,2.9375598e-05,,,,,,,
2021-06-10 21:00:00,-0.00030450468,-0.0003364682,1.1464045e-05,,,,,,,
2021-06-11 00:00:00,-0.00028540046,-0.0003159691,2.3294378e-06,,,,,,,
2021-06-11 03:00:00,-0.00026578468,-0.00028206498,-7.616981e-05,,,,,,,
2021-06-11 06:00:00,-0.00025787245,-0.00023039557,-0.00017287664,,,,,,,
2021-06-11 09:00:00,-0.00023374078,-0.00019768075,-0.00024558156,,,,,,,
2021-06-11 12:00:00,-0.00022008935,-0.00016665601,-0.00034776054,5.1782452e-05,0.00013019204,8.668919e-05,9.091571e-05,0.00017207417,0.0006054739,0.41686383
2021-06-11 15:00:00,-0.00020748534,-0.00013646412,-0.0004313982,,,,,,,
2021-06-11 18:00:00,-0.00019811362,-9.224738e-05,-0.0005496603,,,,,,,
2021-06-11 21:00:00,-0.0001747606,-5.884398e-05,-0.0006350519,,,,,,,
2021-06-12 00:00:00,-0.00015471724,-2.9691622e-05,-0.00066476734,,,,,,,
2021-06-12 03:00:00,-0.00014886411,-2.0755867e-07,-0.000723072,,,,,,,
2021-06-12 06:00:00,-0.00013729879,1.4355201e-05,-0.0007580923,,,,,,,
2021-06-12 09:00:00,-0.00012472547,8.380519e-06,-0.00077226944,,,,,,,
2021-06-12 12:00:00,-0.00013827308,1.0956081e-06,-0.0007440633,6.99545e-05,0.00012389966,5.411796e-05,8.650361e-05,0.0001604943,0.0006424601,0.38728952
2021-06-12 15:00:00,-0.00013946513,-1.7471291e-05,-0.00070630136,,,,,,,
2021-06-12 18:00:00,-0.00014693738,-2.9511333e-05,-0.00068432244,,,,,,,
2021-06-12 21:00:00,-0.00014433161,-4.4116525e-05,-0.0006362904,,,,,,,
2021-06-13 00:00:00,-0.00015858821,-6.7500536e-05,-0.00058579975,,,,,,,
2021-06-13 03:00:00,-0.00018015307,-9.127376e-05,-0.0005613921,,,,,,,
2021-06-13 06:00:00,-0.00019526738,-0.00011497663,-0.0005481634,,,,,,,
2021-06-13 09:00:00,-0.00019119911,-0.00013695979,-0.00053213193,,,,,,,
2021-06-13 12:00:00,-0.00020171303,-0.00013194048,-0.00055164844,6.314261e-05,0.00010090478,-3.4622644e-05,9.944405e-05,0.00016046588,0.0006421826,0.36625627
2021-06-13 15:00:00,-0.00020046969,-0.000118483695,-0.0005936667,,,,,,,
2021-06-13 18:00:00,-0.00020210112,-9.71868e-05,-0.00065682596,,,,,,,
2021-06-13 21:00:00,-0.00020753595,-7.392359e-05,-0.00072019553,,,,,,,
2021-06-14 00:00:00,-0.00021917954,-6.1367085e-05,-0.0008103027,,,,,,,
2021-06-14 03:00:00,-0.00021707948,-3.5672037e-05,-0.00092434284,,,,,,,
2021-06-14 06:00:00,-0.00023077402,-6.294101e-06,-0.0010105766,,,,,,,
2021-06-14 09:00:00,-0.0002381057,8.707495e-06,-0.0011107115,,,,,,,
2021-06-14 12:00:00,-0.00025625734,2.1570615e-05,-0.0011601786,4.13495e-05,8.1837825e-05,-6.1034487e-05,0.00010245433,0.0001493485,0.0006685953,0.33671984
2021-06-14 15:00:00,-0.0002795515,2.5332823e-05,-0.001201975,,,,,,,
2021-06-14 18:00:00,-0.00030767554,1.7230243e-05,-0.0012213856,,,,,,,
2021-06-14 21:00:00,-0.000322304,-4.289076e-06,-0.0012387146,,,,,,,
2021-06-15 00:00:00,-0.00034455094,-1.8241053e-05,-0.0011903796,,,,,,,
2021-06-15 03:00:00,-0.0003696547,-3.2608954e-05,-0.0011393517,,,,,,,
2021-06-15 06:00:00,-0.00039067838,-4.8956907e-05,-0.0011017974,,,,,,,
2021-06-15 09:00:00,-0.00040792988,-6.4948195e-05,-0.0010307437,,,,,,,
2021-06-15 12:00:00,-0.00042128717,-6.965845e-05,-0.0009835227,2.4066656e-05,8.04209e-05,5.20811e-05,9.4700416e-05,0.00013491276,0.000717165,0.30715457
2021-06-15 15:00:00,-0.00043275915,-8.166528e-05,-0.0009437765,,,,,,,
2021-06-15 18:00:00,-0.00044349756,-7.400449e-05,-0.000897099,,,,,,,
2021-06-15 21:00:00,-0.00043605486,-6.3813895e-05,-0.0008321316,,,,,,,
2021-06-16 00:00:00,-0.0004230392,-5.041063e-05,-0.00075453846,,,,,,,
2021-06-16 03:00:00,-0.00038863925,-3.4418637e-05,-0.00068501936,,,,,,,
2021-06-16 06:00:00,-0.00036898113,-1.5213003e-05,-0.00062448316,,,,,,,
2021-06-16 09:00:00,-0.00034218087,1.863385e-06,-0.00057829055,,,,,,,
2021-06-16 12:00:00,-0.00030253083,1.2012412e-05,-0.0005515771,4.78699e-05,0.00011280834,0.000112653186,8.543936e-05,0.00012248136,0.0007606897,0.28056368
2021-06-16 15:00:00,-0.0002686018,1.7137272e-05,-0.00051220594,,,,,,,
2021-06-16 18:00:00,-0.0002395281,3.0579704e-05,-0.00051183294,,,,,,,
2021-06-16 21:00:00,-0.00019803767,3.7805174e-05,-0.0005316045,,,,,,,
2021-06-17 00:00:00,-0.00015757846,2.7366272e-05,-0.00049587066,,,,,,,
2021-06-17 03:00:00,-0.000118788885,1.7289316e-05,-0.0004827114,,,,,,,
2021-06-17 06:00:00,-8.223982e-05,1.0771198e-05,-0.00048196223,,,,,,,
2021-06-17 09:00:00,-3.380686e-05,-6.01207e-06,-0.00047121017,,,,,,,
2021-06-17 12:00:00,1.1695148e-06,-8.043978e-06,-0.0004720416,8.295377e-05,0.000100027,0.00013292348,8.104567e-05,0.0001082525,0.00078923255,0.2524902
2021-06-17 15:00:00,3.6307905e-05,-1.7504899e-05,-0.00047073062,,,,,,,
2021-06-17 18:00:00,4.641699e-05,-9.832498e-06,-0.0005166807,,,,,,,
2021-06-17 21:00:00,6.08437e-05,-5.5021424e-06,-0.00056767097,,,,,,,
2021-06-18 00:00:00,6.300798e-05,-8.211381e-06,-0.0005584855,,,,,,,
2021-06-18 03:00:00,5.8936326e-05,6.5738203e-07,-0.0005749244,,,,,,,
2021-06-18 06:00:00,5.741724e-05,8.506547e-06,-0.0005664276,,,,,,,
2021-06-18 09:00:00,5.7252615e-05,2.3715309e-05,-0.00053831347,,,,,,,
2021-06-18 12:00:00,7.413632e-05,3.8257178e-05,-0.0005024317,9.790589e-05,9.732216e-05,0.00011893171,8.12844e-05,9.718946e-05,0.00079810474,0.22418116
2021-06-18 15:00:00,8.623773e-05,5.108059e-05,-0.0005038706,,,,,,,
2021-06-18 18:00:00,7.8530175e-05,7.581151e-05,-0.000553231,,,,,,,
2021-06-18 21:00:00,8.6890745e-05,9.131877e-05,-0.00059538323,,,,,,,
2021-06-19 00:00:00,8.913028e-05,0.00010640353,-0.00060795376,,,,,,,
2021-06-19 03:00:00,9.5286036e-05,0.0001187782,-0.0006373681,,,,,,,
2021-06-19 06:00:00,8.200005e-05,0.00012890506,-0.00065173174,,,,,,,
2021-06-19 09:00:00,7.1824776e-05,0.00013032249,-0.0006213546,,,,,,,
2021-06-19 12:00:00,6.233131e-05,0.00012226,-0.0005559928,0.0001008395,0.00010423541,0.000108207314,7.5003016e-05,8.178541e-05,0.0008173456,0.19837949
2021-06-19 15:00:00,4.015195e-05,0.00011954065,-0.00053720124,,,,,,,
2021-06-19 18:00:00,3.5180088e-05,0.000116408795,-0.00051792513,,,,,,,
2021-06-19 21:00:00,2.526862e-05,0.000119128956,-0.000480809,,,,,,,
2021-06-20 00:00:00,1.1644053e-05,0.0001262757,-0.00043028122,,,,,,,
2021-06-20 03:00:00,1.9696295e-06,0.00013343457,-0.00040349952,,,,,,,
2021-06-20 06:00:00,-9.809273e-07,0.00014675375,-0.00039501768,,,,,,,
2021-06-20 09:00:00,-2.385862e-06,0.00015527263,-0.00032812989,,,,,,,
2021-06-20 12:00:00,-2.7400206e-06,0.00015846716,-0.000272508,9.096592e-05,0.00011589339,0.00017630118,6.652787e-05,6.151435e-05,0.0008404133,0.17329136
2021-06-20 15:00:00,-6.5807217e-07,0.00015992738,-0.0002491795,,,,,,,
2021-06-20 18:00:00,-3.254042e-06,0.00016187048,-0.00023975786,,,,,,,
2021-06-20 21:00:00,1.6074245e-06,0.00015596383,-0.00020605403,,,,,,,
2021-06-21 00:00:00,2.6949187e-06,0.0001421798,-0.00015627856,,,,,,,
2021-06-21 03:00:00,8.922978e-06,0.00011347307,-0.00012277081,,,,,,,
2021-06-21 06:00:00,2.2472434e-05,8.844189e-05,-7.6066885e-05,,,,,,,
2021-06-21 09:00:00,4.251697e-05,6.005681e-05,-1.6351209e-05,,,,,,,
2021-06-21 12:00:00,5.0706232e-05,2.338613e-05,7.067274e-05,9.902607e-05,0.00012524951,0.00022870836,7.925746e-05,6.6971545e-05,0.00078267325,0.16474213
2021-06-21 15:00:00,5.3908472e-05,-1.7873499e-05,0.00013496431,,,,,,,
2021-06-21 18:00:00,5.65837e-05,-3.9408867e-05,0.00012922676,,,,,,,
2021-06-21 21:00:00,5.7994537e-05,-6.267123e-05,0.00014670803,,,,,,,
2021-06-22 00:00:00,6.975041e-05,-6.6500164e-05,0.00014555239,,,,,,,
2021-06-22 03:00:00,0.00010784763,-7.157716e-05,0.00012869237,,,,,,,
2021-06-22 06:00:00,0.00013808039,-6.428462e-05,8.433854e-05,,,,,,,
2021-06-22 09:00:00,0.00018378772,-4.2815976e-05,-4.936374e-06,,,,,,,
2021-06-22 12:00:00,0.00021644702,-2.1344918e-05,-8.878906e-05,0.000119052944,0.00012268063,0.00021114893,7.0445225e-05,5.4532822e-05,0.0007770266,0.1429759
2021-06-22 15:00:00,0.00023441731,-5.0233604e-07,-0.00022826114,,,,,,,
2021-06-22 18:00:00,0.00024884188,4.0220642e-05,-0.00042912847,,,,,,,
2021-06-22 21:00:00,0.00026456692,8.6774075e-05,-0.0006027084,,,,,,,
2021-06-23 00:00:00,0.000277681,0.00012553368,-0.0007568261,,,,,,,
2021-06-23 03:00:00,0.00029283707,0.00016045802,-0.00088253233,,,,,,,
2021-06-23 06:00:00,0.00031332843,0.00018006691,-0.0009780145,,,,,,,
2021-06-23 09:00:00,0.0003276093,0.00018921425,-0.0010560068,,,,,,,
2021-06-23 12:00:00,0.00033256714,0.00018996245,-0.0011205566,0.00012935817,0.00011655225,6.0494844e-05,5.4744192e-05,3.9666887e-05,0.0007889671,0.113241985
2021-06-23 15:00:00,0.00034124378,0.00017877432,-0.0011822704,,,,,,,
2021-06-23 18:00:00,0.00032692726,0.00017899297,-0.001264292,,,,,,,
2021-06-23 21:00:00,0.00030635408,0.00016782158,-0.0013341493,,,,,,,
2021-06-24 00:00:00,0.00029073257,0.00014813186,-0.001385278,,,,,,,
2021-06-24 03:00:00,0.00027415328,0.00012837815,-0.0014241469,,,,,,,
2021-06-24 06:00:00,0.0002582652,0.000102152226,-0.0014325188,,,,,,,
2021-06-24 09:00:00,0.00025051588,6.4415915e-05,-0.0014122052,,,,,,,
2021-06-24 12:00:00,0.00025645332,3.654188e-05,-0.0013957855,0.000115217146,8.406418e-05,7.757152e-05,3.200434e-05,2.5398876e-05,0.00078061386,0.091919884
2021-06-24 15:00:00,0.00026143104,2.5942163e-05,-0.0013553118,,,,,,,
2021-06-24 18:00:00,0.00024004637,7.3912806e-06,-0.0013380282,,,,,,,
2021-06-24 21:00:00,0.00021502736,-2.202759e-05,-0.00131555,,,,,,,
2021-06-25 00:00:00,0.00018696769,-5.8320904e-05,-0.0012709067,,,,,,,
2021-06-25 03:00:00,0.00014333757,-7.6635784e-05,-0.0012446053,,,,,,,
2021-06-25 06:00:00,0.00010477694,-9.218364e-05,-0.0012020861,,,,,,,
2021-06-25 09:00:00,8.404692e-05,-0.00011474555,-0.0011214179,,,,,,,
2021-06-25 12:00:00,5.838936e-05,-0.00012970911,-0.0010726544,8.909513e-05,8.7721564e-05,0.00016379394,2.524687e-05,2.6459162e-05,0.000762035,0.07482329
2021-06-25 15:00:00,1.7960752e-05,-0.00013242186,-0.0010513536,,,,,,,
2021-06-25 18:00:00,-2.061243e-05,-0.00013821732,-0.0010067718,,,,,,,
2021-06-25 21:00:00,-4.4503136e-05,-0.00011556774,-0.0010630996,,,,,,,
2021-06-26 00:00:00,-6.656963e-05,-8.889302e-05,-0.0010993757,,,,,,,
2021-06-26 03:00:00,-6.660725e-05,-5.8684192e-05,-0.0011578939,,,,,,,
2021-06-26 06:00:00,-8.953664e-05,-3.2050113e-05,-0.0011849377,,,,,,,
2021-06-26 09:00:00,-0.000102188154,-1.7396484e-05,-0.0012137071,,,,,,,
2021-06-26 12:00:00,-0.000116227435,-8.330343e-07,-0.0012278636,7.214617e-05,0.00012403153,0.00022013744,2.904746e-06,8.659845e-06,0.00079166907,0.04551158
2021-06-26 15:00:00,-0.00014070177,2.9081102e-05,-0.0012583628,,,,,,,
2021-06-26 18:00:00,-0.00016000438,5.69831e-05,-0.0012710177,,,,,,,
2021-06-26 21:00:00,-0.00016948621,6.4831e-05,-0.0012753741,,,,,,,
2021-06-27 00:00:00,-0.0001914512,7.03311e-05,-0.0012411246,,,,,,,
2021-06-27 03:00:00,-0.00018961719,7.738037e-05,-0.0011853846,,,,,,,
2021-06-27 06:00:00,-0.00020679507,7.103322e-05,-0.0011061422,,,,,,,
2021-06-27 09:00:00,-0.00020920412,7.53738e-05,-0.0010831391,,,,,,,
2021-06-27 12:00:00,-0.00021347997,7.58915e-05,-0.0010112515,6.519973e-05,0.0001247978,0.00023542099,-1.3223578e-05,-9.432111e-06,0.00081924326,0.019595474
2021-06-27 15:00:00,-0.00023387933,7.0214606e-05,-0.00095026125,,,,,,,
2021-06-27 18:00:00,-0.00024661617,7.276604e-05,-0.0009087108,,,,,,,
2021-06-27 21:00:00,-0.00023528341,6.154514e-05,-0.0008675339,,,,,,,
2021-06-28 00:00:00,-0.00023600657,4.9904334e-05,-0.0007876091,,,,,,,
2021-06-28 03:00:00,-0.00023040723,3.206144e-05,-0.000699407,,,,,,,
2021-06-28 06:00:00,-0.00022420383,2.1556023e-05,-0.0006464587,,,,,,,
2021-06-28 09:00:00,-0.00021636154,2.2351323e-05,-0.00063349423,,,,,,,
2021-06-28 12:00:00,-0.00022085416,1.9738014e-05,-0.0005943937,5.2761734e-05,9.008304e-05,0.00021796754,-3.0973395e-05,-2.3190143e-05,0.0008399169,-0.0033002412
2021-06-28 15:00:00,-0.00022134857,-9.648596e-06,-0.000536884,,,,,,,
2021-06-28 18:00:00,-0.00023865144,-2.4802986e-05,-0.00048495535,,,,,,,
2021-06-28 21:00:00,-0.00023787432,-4.502274e-05,-0.00043954913,,,,,,,
2021-06-29 00:00:00,-0.00023071714,-7.536504e-05,-0.00034624452,,,,,,,
2021-06-29 03:00:00,-0.00022439519,-0.00010905896,-0.00021308482,,,,,,,
2021-06-29 06:00:00,-0.00022062875,-0.00012720257,-0.000106027604,,,,,,,
2021-06-29 09:00:00,-0.00021043992,-0.00013549173,-4.4834887e-05,,,,,,,
2021-06-29 12:00:00,-0.00022413691,-0.00014232904,7.766362e-06,3.4997815e-05,7.449728e-05,0.00029125542,-4.4575958e-05,-2.7316131e-05,0.0008585054,-0.019167848
2021-06-29 15:00:00,-0.00022938977,-0.00016181722,8.546434e-05,,,,,,,
2021-06-29 18:00:00,-0.00023602913,-0.0001612739,9.440907e-05,,,,,,,
2021-06-29 21:00:00,-0.00024878126,-0.00014441782,0.00010847391,,,,,,,
2021-06-30 00:00:00,-0.0002554771,-0.0001344146,0.00015506681,,,,,,,
2021-06-30 03:00:00,-0.00025536743,-0.00012046924,0.0001885609,,,,,,,
2021-06-30 06:00:00,-0.0002510003,-8.244465e-05,0.00013712604,,,,,,,
2021-06-30 09:00:00,-0.00024642015,-4.7695623e-05,8.8097804e-05,,,,,,,
2021-06-30 12:00:00,-0.00024477628,-1.7376813e-05,-6.602146e-06,3.9360588e-05,9.499819e-05,0.00021847835,-4.848583e-05,-3.2945296e-05,0.00088863244,-0.03878432
2021-06-30 15:00:00,-0.00023095863,1.1813413e-05,-9.2539616e-05,,,,,,,
2021-06-30 18:00:00,-0.00021904205,5.1357187e-05,-0.00017296885,,,,,,,
2021-06-30 21:00:00,-0.00021740125,8.5162836e-05,-0.00025294302,,,,,,,
2021-07-01 00:00:00,-0.00023062651,0.000114752285,-0.0003475945,,,,,,,
2021-07-01 03:00:00,-0.00023346888,0.0001344573,-0.000426546,,,,,,,
2021-07-01 06:00:00,-0.00023301058,0.00016337608,-0.00055691664,,,,,,,
2021-07-01 09:00:00,-0.00025010045,0.00019984221,-0.00068816217,,,,,,,
2021-07-01 12:00:00,-0.00025079548,0.0002284257,-0.00078598317,3.7983515e-05,0.0001087487,0.00011060725,-5.5357905e-05,-4.2153133e-05,0.000926815,-0.065095335
2021-07-01 15:00:00,-0.0002429615,0.0002541681,-0.0008724098,,,,,,,
2021-07-01 18:00:00,-0.00025160806,0.00027789111,-0.00095622294,,,,,,,
2021-07-01 21:00:00,-0.00025503503,0.00027422907,-0.0010063541,,,,,,,
2021-07-02 00:00:00,-0.0002818608,0.00025950125,-0.0010224343,,,,,,,
2021-07-02 03:00:00,-0.000300905,0.00024399419,-0.0010566454,,,,,,,
2021-07-02 06:00:00,-0.000299332,0.00023035654,-0.0010643359,,,,,,,
2021-07-02 09:00:00,-0.00030107077,0.00021902175,-0.0010663144,,,,,,,
2021-07-02 12:00:00,-0.0003100134,0.0002024282,-0.0010561553,3.4959558e-05,0.00010108043,0.00017173972,-6.7460816e-05,-5.6494864e-05,0.00097402715,-0.09503756
2021-07-02 15:00:00,-0.00029682307,0.00017901782,-0.0010432253,,,,,,,
2021-07-02 18:00:00,-0.00029868627,0.00017332102,-0.001070439,,,,,,,
2021-07-02 21:00:00,-0.00030373764,0.00015331457,-0.001057702,,,,,,,
2021-07-03 00:00:00,-0.0002982991,0.00013497738,-0.0010586635,,,,,,,
2021-07-03 03:00:00,-0.00028775624,0.00013560138,-0.0010730193,,,,,,,
2021-07-03 06:00:00,-0.00028950037,0.00013129161,-0.0010343737,,,,,,,
2021-07-03 09:00:00,-0.0002921837,0.0001215748,-0.0010298146,,,,,,,
2021-07-03 12:00:00,-0.0003082109,0.00010783939,-0.0009993125,4.244021e-05,9.905062e-05,0.000284434,-7.323233e-05,-7.5018266e-05,0.0010040769,-0.12802695
2021-07-03 15:00:00,-0.00031994516,8.4925276e-05,-0.00095817924,,,,,,,
2021-07-03 18:00:00,-0.00032776574,9.1548405e-05,-0.000986185,,,,,,,
2021-07-03 21:00:00,-0.000330539,8.8572284e-05,-0.00093877,,,,,,,
2021-07-04 00:00:00,-0.0003338452,8.7224944e-05,-0.0008801555,,,,,,,
2021-07-04 03:00:00,-0.00033564772,9.6907475e-05,-0.0008808012,,,,,,,
2021-07-04 06:00:00,-0.00033243152,9.529272e-05,-0.0008671818,,,,,,,
2021-07-04 09:00:00,-0.0003339678,8.174685e-05,-0.0007803404,,,,,,,
2021-07-04 12:00:00,-0.00034335276,6.299348e-05,-0.0007484366,5.415328e-05,0.00010584936,0.0003440432,-7.0467926e-05,-8.9389556e-05,0.0010023471,-0.1496237
2021-07-04 15:00:00,-0.0003440155,3.6874233e-05,-0.0007179996,,,,,,,
2021-07-04 18:00:00,-0.00034013757,3.316643e-05,-0.0006881934,,,,,,,
2021-07-04 21:00:00,-0.00033059396,2.1657357e-05,-0.00062921166,,,,,,,
2021-07-05 00:00:00,-0.0003318205,1.6673723e-05,-0.0006028001,,,,,,,
2021-07-05 03:00:00,-0.00032175236,7.5572034e-06,-0.0005498115,,,,,,,
2021-07-05 06:00:00,-0.00031765137,-6.118604e-06,-0.0005115947,,,,,,,
2021-07-05 09:00:00,-0.00030756972,-2.2856082e-05,-0.00043110747,,,,,,,
2021-07-05 12:00:00,-0.00031206998,-3.749069e-05,-0.00037472686,5.274122e-05,8.539914e-05,0.00040940376,-7.774544e-05,-0.000104526145,0.0010198071,-0.17738907
2021-07-05 15:00:00,-0.00032254716,-4.798497e-05,-0.00033677262,,,,,,,
2021-07-05 18:00:00,-0.0003139982,-4.8241018e-05,-0.0003098669,,,,,,,
2021-07-05 21:00:00,-0.00031567324,-5.9227852e-05,-0.00025870372,,,,,,,
2021-07-06 00:00:00,-0.00032557838,-5.4558786e-05,-0.0002557575,,,,,,,
2021-07-06 03:00:00,-0.00031124506,-6.848301e-05,-0.00023088435,,,,,,,
2021-07-06 06:00:00,-0.00029012503,-8.8379726e-05,-0.00020303775,,,,,,,
2021-07-06 09:00:00,-0.0002669347,-0.000110116,-0.00013898054,,,,,,,
2021-07-06 12:00:00,-0.00024689845,-0.0001279272,-0.00012439868,5.3204214e-05,9.1657064e-05,0.00048736233,-9.3837014e-05,-0.000117352334,0.001025633,-0.19683453
2021-07-06 15:00:00,-0.00019496515,-0.00014476254,-9.064589e-05,,,,,,,
2021-07-06 18:00:00,-0.00017427736,-0.0001708559,-0.0001049903,,,,,,,
2021-07-06 21:00:00,-0.00015292216,-0.0001918887,-0.00015645317,,,,,,,
2021-07-07 00:00:00,-0.000103173246,-0.00020980604,-0.00014415078,,,,,,,
2021-07-07 03:00:00,-6.435342e-05,-0.00022813704,-0.00017761442,,,,,,,
2021-07-07 06:00:00,-2.372295e-05,-0.00024260134,-0.0002063812,,,,,,,
2021-07-07 09:00:00,1.9336458e-05,-0.0002592525,-0.0002511087,,,,,,,
2021-07-07 12:00:00,6.163204e-05,-0.000270708,-0.00034149844,9.094253e-05,9.406972e-05,0.00046036462,-0.00011030135,-0.00012555298,0.001037652,-0.22068213
2021-07-07 15:00:00,0.000105431514,-0.00029162722,-0.00038915875,,,,,,,
2021-07-07 18:00:00,0.00013498265,-0.00030044344,-0.00045351716,,,,,,,
2021-07-07 21:00:00,0.00016437401,-0.0003034584,-0.000545474,,,,,,,
2021-07-08 00:00:00,0.00017994602,-0.00030366413,-0.0006061292,,,,,,,
2021-07-08 03:00:00,0.00020077048,-0.00030520168,-0.0006434958,,,,,,,
2021-07-08 06:00:00,0.00020849527,-0.0003018834,-0.0007381857,,,,,,,
2021-07-08 09:00:00,0.00020918025,-0.00028954813,-0.0008597588,,,,,,,
2021-07-08 12:00:00,0.00021103783,-0.00027734748,-0.00092253607,0.00012361645,6.706633e-05,0.00029607888,-0.00011725003,-0.0001327862,0.0010640902,-0.24152283
2021-07-08 15:00:00,0.00021274922,-0.0002668362,-0.00097441784,,,,,,,
2021-07-08 18:00:00,0.00020296582,-0.00024179707,-0.0010937002,,,,,,,
2021-07-08 21:00:00,0.00019898196,-0.00021240496,-0.0011982435,,,,,,,
2021-07-09 00:00:00,0.0001993776,-0.00019419125,-0.0012546253,,,,,,,
2021-07-09 03:00:00,0.00017885372,-0.00018619579,-0.0012962448,,,,,,,
2021-07-09 06:00:00,0.00013821445,-0.0001668231,-0.001370909,,,,,,,
2021-07-09 09:00:00,0.00010462061,-0.00014169325,-0.0014493021,,,,,,,
2021-07-09 12:00:00,5.7553872e-05,-0.00012589167,-0.0015077755,0.00010011796,6.1422885e-05,0.00025966304,-0.0001266454,-0.00014483763,0.0010961434,-0.26211008
2021-07-09 15:00:00,7.689195e-06,-0.00011462532,-0.001530898,,,,,,,
2021-07-09 18:00:00,-4.229559e-05,-7.856554e-05,-0.0015817503,,,,,,,
2021-07-09 21:00:00,-7.944173e-05,-4.0401843e-05,-0.0016738512,,,,,,,
2021-07-10 00:00:00,-0.00011057806,-1.2339117e-05,-0.0017100222,,,,,,,
2021-07-10 03:00:00,-0.00014536902,1.3533372e-05,-0.0017068813,,,,,,,
2021-07-10 06:00:00,-0.0001720902,4.7332884e-05,-0.0017528991,,,,,,,
2021-07-10 09:00:00,-0.00018531074,8.2903854e-05,-0.0017520436,,,,,,,
2021-07-10 12:00:00,-0.0002104277,0.000115821706,-0.0016985019,6.23058e-05,8.461883e-05,0.00026957493,-0.00013461374,-0.00015768898,0.0011296327,-0.28369507
2021-07-10 15:00:00,-0.00023495342,0.00012424627,-0.0016650216,,,,,,,
2021-07-10 18:00:00,-0.0002445529,0.00014016336,-0.0016810582,,,,,,,
2021-07-10 21:00:00,-0.00023781146,0.0001545851,-0.0016891483,,,,,,,
2021-07-11 00:00:00,-0.0002400681,0.00015349004,-0.0016204105,,,,,,,
2021-07-11 03:00:00,-0.00023260018,0.00013362426,-0.0015643322,,,,,,,
2021-07-11 06:00:00,-0.00023061404,0.00012951226,-0.0015431644,,,,,,,
2021-07-11 09:00:00,-0.00021544842,0.00011526948,-0.001466099,,,,,,,
2021-07-11 12:00:00,-0.00020517797,9.392046e-05,-0.0014056219,6.518704e-05,9.0241185e-05,0.0002714961,-0.00014621194,-0.00016899097,0.0011614691,-0.30349192
2021-07-11 15:00:00,-0.00018643595,6.57819e-05,-0.0013474155,,,,,,,
2021-07-11 18:00:00,-0.00017430703,4.6059733e-05,-0.0012596226,,,,,,,
2021-07-11 21:00:00,-0.00017866942,2.778664e-05,-0.0012167849,,,,,,,
2021-07-12 00:00:00,-0.00018328054,9.791892e-06,-0.0011774665,,,,,,,
2021-07-12 03:00:00,-0.00018131125,-1.0768959e-05,-0.001135943,,,,,,,
2021-07-12 06:00:00,-0.00020574537,-2.498572e-05,-0.0010475521,,,,,,,
2021-07-12 09:00:00,-0.00022110721,-5.2191062e-05,-0.000991335,,,,,,,
2021-07-12 12:00:00,-0.00023998153,-7.3334915e-05,-0.0009381137,5.647942e-05,8.414983e-05,0.000312005,-0.00015014001,-0.00017713748,0.0011711924,-0.320234
2021-07-12 15:00:00,-0.00025148218,-9.906428e-05,-0.0008599368,,,,,,,
2021-07-12 18:00:00,-0.00026608387,-0.000117958676,-0.00085243856,,,,,,,
2021-07-12 21:00:00,-0.00025620166,-0.00014361124,-0.0008167606,,,,,,,
2021-07-13 00:00:00,-0.00025325894,-0.00015002453,-0.00081156415,,,,,,,
2021-07-13 03:00:00,-0.00024304897,-0.00015287464,-0.0008284499,,,,,,,
2021-07-13 06:00:00,-0.0002491786,-0.0001706609,-0.00077465747,,,,,,,
2021-07-13 09:00:00,-0.00024276176,-0.00018452079,-0.00073835417,,,,,,,
2021-07-13 12:00:00,-0.00024092854,-0.0001892607,-0.0006894512,4.108108e-05,7.2757815e-05,0.0003981719,-0.0001498427,-0.00018499515,0.0011905401,-0.33948153
2021-07-13 15:00:00,-0.00022925151,-0.00021491066,-0.0006139105,,,,,,,
2021-07-13 18:00:00,-0.0002173568,-0.00023403017,-0.00051675306,,,,,,,
2021-07-13 21:00:00,-0.0002128983,-0.00025507645,-0.00041288493,,,,,,,
2021-07-14 00:00:00,-0.00020848225,-0.0002913867,-0.00030818733,,,,,,,
2021-07-14 03:00:00,-0.00018404808,-0.00033497627,-0.00019759421,,,,,,,
2021-07-14 06:00:00,-0.00018655071,-0.00037683788,-6.654589e-05,,,,,,,
2021-07-14 09:00:00,-0.0001727092,-0.0004166023,6.37801e-05,,,,,,,
2021-07-14 12:00:00,-0.00016213242,-0.0004482007,0.000121762154,5.9493108e-05,7.691182e-05,0.00053195783,-0.00014205884,-0.00017914044,0.0011510006,-0.33778596
2021-07-14 15:00:00,-0.00015155778,-0.0004833517,0.00020625237,,,,,,,
2021-07-14 18:00:00,-0.00014965297,-0.0004903567,0.00025081303,,,,,,,
2021-07-14 21:00:00,-0.00014982128,-0.000465329,0.00017115315,,,,,,,
2021-07-15 00:00:00,-0.00014742352,-0.0004361347,7.193184e-05,,,,,,,
2021-07-15 03:00:00,-0.00014284054,-0.00042122533,2.9917284e-05,,,,,,,
2021-07-15 06:00:00,-0.00014489843,-0.00041445903,2.0339257e-06,,,,,,,
2021-07-15 09:00:00,-0.0001439666,-0.00041373793,1.6369508e-05,,,,,,,
2021-07-15 12:00:00,-0.000145213,-0.00041238038,5.1028936e-05,8.071052e-05,8.964636e-05,0.0005875003,-0.00014717535,-0.00018617453,0.0011579525,-0.3538875
2021-07-15 15:00:00,-0.00014591328,-0.00041929362,8.73808e-05,,,,,,,
2021-07-15 18:00:00,-0.000150034,-0.00041414823,0.00013640977,,,,,,,
2021-07-15 21:00:00,-0.00014083194,-0.00039741362,0.00017152302,,,,,,,
2021-07-16 00:00:00,-0.00014123798,-0.00036533445,0.0001343829,,,,,,,
2021-07-16 03:00:00,-0.00013863284,-0.00034573546,8.407133e-05,,,,,,,
2021-07-16 06:00:00,-0.00014392845,-0.0003181741,-1.5918282e-05,,,,,,,
2021-07-16 09:00:00,-0.00014468956,-0.00026223512,-0.00018235508,,,,,,,
2021-07-16 12:00:00,-0.00015750386,-0.00020549264,-0.0003521547,0.00010062747,0.00010648671,0.00044421823,-0.0001517273,-0.00018774159,0.0011571378,-0.3668706
2021-07-16 15:00:00,-0.00016949912,-0.00015987927,-0.0005071341,,,,,,,
2021-07-16 18:00:00,-0.00018881109,-0.000120999146,-0.00063821656,,,,,,,
2021-07-16 21:00:00,-0.00020415263,-9.8602955e-05,-0.00076332845,,,,,,,
2021-07-17 00:00:00,-0.00023122002,-7.907268e-05,-0.0008188103,,,,,,,
2021-07-17 03:00:00,-0.00025785217,-4.469996e-05,-0.00090162,,,,,,,
2021-07-17 06:00:00,-0.00028022777,-1.6550408e-05,-0.00096513826,,,,,,,
2021-07-17 09:00:00,-0.00030767787,1.7815992e-05,-0.0010358903,,,,,,,
2021-07-17 12:00:00,-0.00034790728,4.4109416e-05,-0.0010346811,6.768353e-05,9.223157e-05,0.0003262291,-0.00015897422,-0.00019984721,0.0011927267,-0.39003494
2021-07-17 15:00:00,-0.00038484766,6.0243685e-05,-0.0010026937,,,,,,,
2021-07-17 18:00:00,-0.00042673197,8.4316685e-05,-0.0010254079,,,,,,,
2021-07-17 21:00:00,-0.00045953528,9.190156e-05,-0.0010137329,,,,,,,
2021-07-18 00:00:00,-0.00048083617,9.5948635e-05,-0.0009337408,,,,,,,
2021-07-18 03:00:00,-0.0004953135,0.00010634955,-0.0008844763,,,,,,,
2021-07-18 06:00:00,-0.0005106902,0.00010105423,-0.0008256737,,,,,,,
2021-07-18 09:00:00,-0.0005206808,0.000101822116,-0.00075916754,,,,,,,
2021-07-18 12:00:00,-0.0005315342,9.750316e-05,-0.00069859414,3.093238e-05,9.507467e-05,0.00040434225,-0.00016744771,-0.00021101489,0.001239016,-0.4113105
2021-07-18 15:00:00,-0.00053679163,9.9892335e-05,-0.0006955102,,,,,,,
2021-07-18 18:00:00,-0.0005309986,9.5865915e-05,-0.00066694175,,,,,,,
2021-07-18 21:00:00,-0.00053883664,9.870822e-05,-0.00068684784,,,,,,,
2021-07-19 00:00:00,-0.0005428024,0.00010135805,-0.00066833745,,,,,,,
2021-07-19 03:00:00,-0.00052950624,0.00012210457,-0.00073206186,,,,,,,
2021-07-19 06:00:00,-0.0005150255,0.00013320825,-0.0007660515,,,,,,,
2021-07-19 09:00:00,-0.00051401666,0.00013658174,-0.00077146845,,,,,,,
2021-07-19 12:00:00,-0.00052535144,0.00013224581,-0.0007851228,2.3405444e-05,0.00010957829,0.0004640701,-0.0001810304,-0.00022035297,0.0012740269,-0.43235445
2021-07-19 15:00:00,-0.0005212764,0.00012205235,-0.0007654439,,,,,,,
2021-07-19 18:00:00,-0.000509307,0.000114220275,-0.00071946013,,,,,,,
2021-07-19 21:00:00,-0.0005085861,9.870286e-05,-0.0006957313,,,,,,,
2021-07-20 00:00:00,-0.00049422943,8.535426e-05,-0.00064647675,,,,,,,
2021-07-20 03:00:00,-0.00048542986,7.9518104e-05,-0.0006574541,,,,,,,
2021-07-20 06:00:00,-0.00046458028,6.487294e-05,-0.0006814091,,,,,,,
2021-07-20 09:00:00,-0.00044098104,5.4193533e-05,-0.000717248,,,,,,,
2021-07-20 12:00:00,-0.0004382076,4.2073676e-05,-0.00069414725,4.0754574e-05,0.000110323446,0.0005051661,-0.0001887729,-0.00022472854,0.0012985462,-0.45288604
2021-07-20 15:00:00,-0.00041551856,2.7304102e-05,-0.0007088864,,,,,,,
2021-07-20 18:00:00,-0.0003910871,2.3163848e-06,-0.00072861154,,,,,,,
2021-07-20 21:00:00,-0.00035064833,-4.272598e-05,-0.00068254,,,,,,,
2021-07-21 00:00:00,-0.00033010187,-7.594375e-05,-0.0006704197,,,,,,,
2021-07-21 03:00:00,-0.00031077766,-0.00010694436,-0.00069120474,,,,,,,
2021-07-21 06:00:00,-0.00027742735,-0.000129052,-0.00071818836,,,,,,,
2021-07-21 09:00:00,-0.0002541785,-0.00014494522,-0.0007219654,,,,,,,
2021-07-21 12:00:00,-0.00024605918,-0.0001468519,-0.0007308121,5.996559e-05,6.407381e-05,0.00048566825,-0.00019381332,-0.0002284204,0.0013224714,-0.47369942
2021-07-21 15:00:00,-0.00023743547,-0.00016278557,-0.00076333724,,,,,,,
2021-07-21 18:00:00,-0.00024421726,-0.00017585332,-0.0008098727,,,,,,,
2021-07-21 21:00:00,-0.00024725727,-0.00021970236,-0.0007879211,,,,,,,
2021-07-22 00:00:00,-0.00025973943,-0.00024389508,-0.00075168273,,,,,,,
2021-07-22 03:00:00,-0.00026361205,-0.00026418027,-0.00075168425,,,,,,,
2021-07-22 06:00:00,-0.00028425353,-0.0002759641,-0.00075985625,,,,,,,
2021-07-22 09:00:00,-0.00029389426,-0.00029947842,-0.0007304384,,,,,,,
2021-07-22 12:00:00,-0.00030114522,-0.00029544337,-0.00076648575,4.570779e-05,2.7821865e-05,0.0005457709,-0.00019629927,-0.00022649032,0.0013216467,-0.48842162
2021-07-22 15:00:00,-0.000317413,-0.000321771,-0.00070895435,,,,,,,
2021-07-22 18:00:00,-0.0003296647,-0.00033612983,-0.0006633044,,,,,,,
2021-07-22 21:00:00,-0.00032876522,-0.000361227,-0.0005864863,,,,,,,
2021-07-23 00:00:00,-0.00033471326,-0.00036657613,-0.0005367488,,,,,,,
2021-07-23 03:00:00,-0.00033556018,-0.00036603748,-0.0005359801,,,,,,,
2021-07-23 06:00:00,-0.0003462019,-0.00037042063,-0.0004939989,,,,,,,
2021-07-23 09:00:00,-0.00034296393,-0.00037620222,-0.00046906574,,,,,,,
2021-07-23 12:00:00,-0.0003555235,-0.0003529683,-0.0004850003,4.90916e-05,5.2765034e-05,0.00063891575,-0.00018831721,-0.00021447703,0.0012997468,-0.49303162
2021-07-23 15:00:00,-0.0003317795,-0.00034616134,-0.00046333869,,,,,,,
2021-07-23 18:00:00,-0.00031110473,-0.00032706017,-0.0004057812,,,,,,,
2021-07-23 21:00:00,-0.0002806209,-0.0003292729,-0.00031320995,,,,,,,
2021-07-24 00:00:00,-0.00026076016,-0.00031777157,-0.00027854936,,,,,,,
2021-07-24 03:00:00,-0.00024293014,-0.0003293762,-0.00020042091,,,,,,,
2021-07-24 06:00:00,-0.00021602616,-0.0003402652,-0.00015662734,,,,,,,
2021-07-24 09:00:00,-0.00018085912,-0.00034029543,-9.994545e-05,,,,,,,
2021-07-24 12:00:00,-0.00016485961,-0.00031602997,-7.9385674e-05,8.750039e-05,8.777868e-05,0.0006576466,-0.0001878353,-0.0002046215,0.0012854235,-0.49487138
2021-07-24 15:00:00,-0.00013058423,-0.0003046042,-7.201535e-05,,,,,,,
2021-07-24 18:00:00,-0.00010890448,-0.00027894462,-5.8954876e-05,,,,,,,
2021-07-24 21:00:00,-7.128938e-05,-0.00024432034,-0.0001192488,,,,,,,
2021-07-25 00:00:00,-5.5820554e-05,-0.00021142761,-0.00019582307,,,,,,,
2021-07-25 03:00:00,-1.6834516e-05,-0.00018852353,-0.00028105488,,,,,,,
2021-07-25 06:00:00,-3.5983883e-06,-0.00017792653,-0.00033365987,,,,,,,
2021-07-25 09:00:00,4.2425613e-06,-0.00017535118,-0.00033498998,,,,,,,
2021-07-25 12:00:00,9.548229e-06,-0.00016469353,-0.00032452628,0.00011522301,0.00010106212,0.0005750335,-0.00018434112,-0.00019838475,0.0012788444,-0.50009274
2021-07-25 15:00:00,8.471791e-06,-0.00017814517,-0.00032830558,,,,,,,
2021-07-25 18:00:00,2.238322e-06,-0.0001823701,-0.0003718637,,,,,,,
2021-07-25 21:00:00,2.421231e-05,-0.00017368981,-0.00048587265,,,,,,,
2021-07-26 00:00:00,1.0656848e-05,-0.00015784215,-0.0005879095,,,,,,,
2021-07-26 03:00:00,2.6335892e-06,-0.00014700009,-0.00069987297,,,,,,,
2021-07-26 06:00:00,-1.9361969e-05,-0.00014041262,-0.00078381575,,,,,,,
2021-07-26 09:00:00,-3.5588524e-05,-0.00011773941,-0.00090202736,,,,,,,
2021-07-26 12:00:00,-6.524944e-05,-9.62996e-05,-0.0009991027,0.000100134486,7.134686e-05,0.00047606498,-0.00017372005,-0.00019368468,0.001252966,-0.5080968
2021-07-26 15:00:00,-9.2609305e-05,-8.682554e-05,-0.0011131208,,,,,,,
2021-07-26 18:00:00,-0.00012880068,-6.40081e-05,-0.0012451204,,,,,,,
2021-07-26 21:00:00,-0.00015391005,-3.924813e-05,-0.0013520876,,,,,,,
2021-07-27 00:00:00,-0.00018061837,-1.1321575e-05,-0.0014405568,,,,,,,
2021-07-27 03:00:00,-0.00021513643,8.196553e-06,-0.001524095,,,,,,,
2021-07-27 06:00:00,-0.00025822083,1.9464876e-05,-0.0015802454,,,,,,,
2021-07-27 09:00:00,-0.0002890655,4.0492352e-05,-0.0016826356,,,,,,,
2021-07-27 12:00:00,-0.00032871126,5.5789973e-05,-0.0017165721,5.7887082e-05,5.2769297e-05,0.00041787134,-0.00016819622,-0.00020318782,0.0012605167,-0.51869875
2021-07-27 15:00:00,-0.00036911486,6.557747e-05,-0.001703053,,,,,,,
2021-07-27 18:00:00,-0.00041207334,9.304997e-05,-0.0017006068,,,,,,,
2021-07-27 21:00:00,-0.00044454375,0.00011609265,-0.0017549046,,,,,,,
2021-07-28 00:00:00,-0.00048346305,0.00013494137,-0.0017387293,,,,,,,
2021-07-28 03:00:00,-0.000514412,0.00014582147,-0.0017138129,,,,,,,
2021-07-28 06:00:00,-0.0005505213,0.00016027137,-0.0017178495,,,,,,,
2021-07-28 09:00:00,-0.0005843434,0.00017792308,-0.0016957377,,,,,,,
2021-07-28 12:00:00,-0.00061541,0.00019795063,-0.0016809799,2.3465032e-05,6.7694535e-05,0.0004144811,-0.0001634204,-0.00021509653,0.0012759679,-0.5331078
2021-07-28 15:00:00,-0.00063172186,0.00020509388,-0.0016148415,,,,,,,
2021-07-28 18:00:00,-0.0006319949,0.00021626997,-0.0015413535,,,,,,,
2021-07-28 21:00:00,-0.0006461099,0.00022663227,-0.0015281014,,,,,,,
2021-07-29 00:00:00,-0.0006706907,0.00022049609,-0.0014354496,,,,,,,
2021-07-29 03:00:00,-0.0006886709,0.00022376719,-0.0014022144,,,,,,,
2021-07-29 06:00:00,-0.0006972926,0.00024276109,-0.0014001973,,,,,,,
2021-07-29 09:00:00,-0.00069879537,0.00023963516,-0.0013183269,,,,,,,
2021-07-29 12:00:00,-0.00071694574,0.00023768457,-0.0012646475,1.6762198e-05,7.9920384e-05,0.0004381671,-0.00016618348,-0.00022699754,0.00130399,-0.55054724
2021-07-29 15:00:00,-0.000727312,0.00024217943,-0.001202876,,,,,,,
2021-07-29 18:00:00,-0.00071677024,0.00025251973,-0.0011647337,,,,,,,
2021-07-29 21:00:00,-0.0007068924,0.0002543715,-0.0010909855,,,,,,,
2021-07-30 00:00:00,-0.0007183497,0.0002656531,-0.0009881719,,,,,,,
2021-07-30 03:00:00,-0.00071073574,0.00027907116,-0.00094815815,,,,,,,
2021-07-30 06:00:00,-0.0006990824,0.00029255814,-0.00088929135,,,,,,,
2021-07-30 09:00:00,-0.0006905482,0.00028841908,-0.0008001944,,,,,,,
2021-07-30 12:00:00,-0.00070157583,0.00028970264,-0.0007229994,2.62765e-05,9.58847e-05,0.00047903016,-0.00016582197,-0.00023995193,0.0013348896,-0.5688513
2021-07-30 15:00:00,-0.0007093522,0.00028682445,-0.0006825918,,,,,,,
2021-07-30 18:00:00,-0.00069518917,0.00029278602,-0.00064195396,,,,,,,
2021-07-30 21:00:00,-0.0006773821,0.00028422129,-0.0005145628,,,,,,,
2021-07-31 00:00:00,-0.00068570283,0.0002836406,-0.00042662714,,,,,,,
2021-07-31 03:00:00,-0.000679539,0.0002747321,-0.00036335262,,,,,,,
2021-07-31 06:00:00,-0.0006676094,0.0002670154,-0.00032382988,,,,,,,
2021-07-31 09:00:00,-0.00064621103,0.00024853172,-0.00024222361,,,,,,,
2021-07-31 12:00:00,-0.00064890843,0.00024988956,-0.00021876511,3.438758e-05,9.9566474e-05,0.000486664,-0.00016027906,-0.00024909008,0.0013578671,-0.5789875
2021-07-31 15:00:00,-0.00063112227,0.00025211816,-0.00021890951,,,,,,,
2021-07-31 18:00:00,-0.00061499886,0.00025930395,-0.0001755155,,,,,,,
2021-07-31 21:00:00,-0.00060965394,0.00024968977,-0.000128225,,,,,,,
2021-08-01 00:00:00,-0.0006115302,0.00024305285,-9.344749e-05,,,,,,,
2021-08-01 03:00:00,-0.0005988752,0.00023397892,-7.735152e-05,,,,,,,
2021-08-01 06:00:00,-0.00058730156,0.00022005661,-4.6524612e-05,,,,,,,
2021-08-01 09:00:00,-0.00056697,0.00020418197,2.0623931e-05,,,,,,,
2021-08-01 12:00:00,-0.0005574089,0.00019866617,7.3928844e-05,3.0315794e-05,9.042094e-05,0.00048893935,-0.0001531167,-0.00025742262,0.0013766981,-0.5882957
2021-08-01 15:00:00,-0.0005333497,0.00018280133,0.00011017999,,,,,,,
2021-08-01 18:00:00,-0.00051423325,0.00017361746,0.00012531628,,,,,,,
2021-08-01 21:00:00,-0.0005010895,0.00014906461,0.0001645671,,,,,,,
2021-08-02 00:00:00,-0.0004983613,0.00013216631,0.00020207248,,,,,,,
2021-08-02 03:00:00,-0.00046692285,0.000111444286,0.00019971325,,,,,,,
2021-08-02 06:00:00,-0.00044709188,9.995099e-05,0.00022322405,,,,,,,
2021-08-02 09:00:00,-0.0004386282,8.154324e-05,0.00031252642,,,,,,,
2021-08-02 12:00:00,-0.00042800445,6.803294e-05,0.0002788669,4.0119077e-05,0.000102723636,0.0005331173,-0.00014973835,-0.00026375038,0.0013790893,-0.6014621
2021-08-02 15:00:00,-0.00040070494,5.0896884e-05,0.00029937667,,,,,,,
2021-08-02 18:00:00,-0.0003705925,4.0127292e-05,0.00033372905,,,,,,,
2021-08-02 21:00:00,-0.0003388567,2.3059662e-05,0.0003826029,,,,,,,
2021-08-03 00:00:00,-0.00031592962,1.5593096e-05,0.00043359335,,,,,,,
2021-08-03 03:00:00,-0.0002911024,9.97719e-06,0.00043589505,,,,,,,
2021-08-03 06:00:00,-0.00027375072,1.1320139e-05,0.0004313857,,,,,,,
2021-08-03 09:00:00,-0.0002549695,1.8996193e-06,0.00043640716,,,,,,,
2021-08-03 12:00:00,-0.00025498078,1.1051627e-06,0.00041337486,7.506265e-05,0.00011684271,0.00053269323,-0.00014802616,-0.00026727267,0.0013769217,-0.6122583
2021-08-03 15:00:00,-0.00025156428,-6.0757293e-06,0.00041180837,,,,,,,
2021-08-03 18:00:00,-0.0002339924,1.3320556e-05,0.00036501038,,,,,,,
2021-08-03 21:00:00,-0.00021108556,1.37810575e-05,0.00037653817,,,,,,,
2021-08-04 00:00:00,-0.00020893378,2.294158e-05,0.00034021237,,,,,,,
2021-08-04 03:00:00,-0.00019473814,2.0365625e-05,0.00031614408,,,,,,,
2021-08-04 06:00:00,-0.00018275875,1.7733762e-05,0.00026779168,,,,,,,
2021-08-04 09:00:00,-0.0001767735,1.7445853e-05,0.00023946691,,,,,,,
2021-08-04 12:00:00,-0.00017690951,2.2805461e-05,0.00020841417,8.699663e-05,0.00010258029,0.00043354608,-0.00014330454,-0.00027160026,0.0013585603,-0.6219505
2021-08-04 15:00:00,-0.00017463452,2.7285747e-05,0.00018118898,,,,,,,
2021-08-04 18:00:00,-0.00017889068,3.9856644e-05,0.0001547036,,,,,,,
2021-08-04 21:00:00,-0.0001780883,4.1291576e-05,0.00016214354,,,,,,,
2021-08-05 00:00:00,-0.00018620715,4.8803002e-05,0.00012830594,,,,,,,
2021-08-05 03:00:00,-0.00020465057,6.2468e-05,8.869811e-05,,,,,,,
2021-08-05 06:00:00,-0.00022899007,8.0036436e-05,4.5679175e-05,,,,,,,
2021-08-05 09:00:00,-0.00022587663,8.376447e-05,6.344171e-05,,,,,,,
2021-08-05 12:00:00,-0.00024235554,8.9559886e-05,5.46535e-05,7.350947e-05,0.00010107867,0.00043281738,-0.00013592289,-0.00027636718,0.0013443669,-0.6277444
2021-08-05 15:00:00,-0.0002538626,9.42143e-05,4.179014e-05,,,,,,,
2021-08-05 18:00:00,-0.00026580223,9.6146425e-05,3.0837244e-05,,,,,,,
2021-08-05 21:00:00,-0.00027590984,8.533336e-05,6.132878e-05,,,,,,,
2021-08-06 00:00:00,-0.00027993097,8.251334e-05,7.642958e-05,,,,,,,
2021-08-06 03:00:00,-0.00027650103,7.522347e-05,5.7036283e-05,,,,,,,
2021-08-06 06:00:00,-0.00027285903,7.579465e-05,6.1287305e-05,,,,,,,
2021-08-06 09:00:00,-0.00025170055,6.784916e-05,0.00012445934,,,,,,,
2021-08-06 12:00:00,-0.0002567547,6.530615e-05,0.00016415126,7.024511e-05,0.00012888231,0.000587534,-0.00013563565,-0.00028396485,0.0013365081,-0.63587034
2021-08-06 15:00:00,-0.00024550568,7.1186994e-05,0.00015336984,,,,,,,
2021-08-06 18:00:00,-0.00023125624,8.598616e-05,0.00016689,,,,,,,
2021-08-06 21:00:00,-0.00021307555,0.00010192994,0.00023295927,,,,,,,
2021-08-07 00:00:00,-0.00019653235,0.00013114486,0.00027972032,,,,,,,
2021-08-07 03:00:00,-0.00018486803,0.00015304766,0.00032396903,,,,,,,
2021-08-07 06:00:00,-0.00017774741,0.0001730674,0.00034354106,,,,,,,
2021-08-07 09:00:00,-0.0001573893,0.0001850558,0.00036330396,,,,,,,
2021-08-07 12:00:00,-0.00014780537,0.00018989395,0.00038861003,9.383162e-05,0.00017350554,0.00057938555,-0.00013422828,-0.00028847676,0.0013167213,-0.6337732
2021-08-07 15:00:00,-0.00012387408,0.0001824078,0.00039363207,,,,,,,
2021-08-07 18:00:00,-0.00010202896,0.00019542308,0.00036954967,,,,,,,
2021-08-07 21:00:00,-6.225472e-05,0.00020064348,0.00036551792,,,,,,,
2021-08-08 00:00:00,-3.3238666e-05,0.00019363765,0.00039649924,,,,,,,
2021-08-08 03:00:00,-7.831602e-06,0.00018540227,0.00038887528,,,,,,,
2021-08-08 06:00:00,1.43707375e-05,0.00016845393,0.00034458085,,,,,,,
2021-08-08 09:00:00,3.1702057e-05,0.00015051613,0.00032667938,,,,,,,
2021-08-08 12:00:00,4.4899934e-05,0.000148712,0.00025738415,0.00011706636,0.0001624632,0.00045055716,-0.000145052,-0.00029011947,0.0013155957,-0.636304
2021-08-08 15:00:00,6.813044e-05,0.00014001848,0.00018486148,,,,,,,
2021-08-08 18:00:00,7.8832694e-05,0.00013353898,0.0001263585,,,,,,,
2021-08-08 21:00:00,7.619581e-05,0.00012750685,6.830578e-05,,,,,,,
2021-08-09 00:00:00,8.06201e-05,0.00011985833,3.3087043e-05,,,,,,,
2021-08-09 03:00:00,9.019706e-05,9.906038e-05,1.34735665e-05,,,,,,,
2021-08-09 06:00:00,9.903506e-05,8.4194e-05,1.2635094e-06,,,,,,,
2021-08-09 09:00:00,0.000117429816,7.2115494e-05,-1.186642e-06,,,,,,,
2021-08-09 12:00:00,0.0001380167,5.923631e-05,-2.95472e-05,0.000117185395,0.00011577616,0.00033990282,-0.00015726959,-0.0002933362,0.0013277077,-0.64586455
2021-08-09 15:00:00,0.00016392804,4.1754483e-05,-7.0229384e-05,,,,,,,
2021-08-09 18:00:00,0.00017066521,2.9231453e-05,-8.829217e-05,,,,,,,
2021-08-09 21:00:00,0.00017512459,1.4479339e-05,-0.000110279565,,,,,,,
2021-08-10 00:00:00,0.0001572062,2.2212585e-05,-0.00021205678,,,,,,,
2021-08-10 03:00:00,0.00015336495,1.642887e-05,-0.000287093,,,,,,,
2021-08-10 06:00:00,0.00014454234,1.8968876e-05,-0.00033996138,,,,,,,
2021-08-10 09:00:00,0.0001233194,1.6526783e-05,-0.0003791476,,,,,,,
2021-08-10 12:00:00,9.846205e-05,1.5699534e-05,-0.00045481155,0.00011528874,0.00010357797,0.00038605958,-0.00016999888,-0.00029814083,0.0013454695,-0.6566169
2021-08-10 15:00:00,8.751427e-05,2.0179143e-05,-0.00048901886,,,,,,,
2021-08-10 18:00:00,8.258502e-05,3.537084e-05,-0.0004902082,,,,,,,
2021-08-10 21:00:00,8.557919e-05,5.1251987e-05,-0.00050838554,,,,,,,
2021-08-11 00:00:00,7.2460236e-05,8.436794e-05,-0.0005531279,,,,,,,
2021-08-11 03:00:00,7.113748e-05,0.000106779946,-0.0005806165,,,,,,,
2021-08-11 06:00:00,7.161353e-05,0.00012382136,-0.00061135524,,,,,,,
2021-08-11 09:00:00,6.653203e-05,0.00014475292,-0.0006178339,,,,,,,
2021-08-11 12:00:00,4.6285862e-05,0.00016466242,-0.00062913395,0.000120201395,0.00014095467,0.00039818598,-0.00017646278,-0.0003042379,0.0013686705,-0.66500276
2021-08-11 15:00:00,4.3976295e-05,0.00016751046,-0.0005621199,,,,,,,
2021-08-11 18:00:00,4.545385e-05,0.00018415634,-0.00052724406,,,,,,,
2021-08-11 21:00:00,6.7205976e-05,0.00021002948,-0.0005395652,,,,,,,
2021-08-12 00:00:00,7.822221e-05,0.00023227825,-0.00051999156,,,,,,,
2021-08-12 03:00:00,8.684291e-05,0.0002398644,-0.0005027188,,,,,,,
2021-08-12 06:00:00,9.673155e-05,0.00024833882,-0.00050912274,,,,,,,
2021-08-12 09:00:00,0.00011363684,0.00025986566,-0.0004971661,,,,,,,
2021-08-12 12:00:00,0.00011509816,0.0002714184,-0.00049593084,0.00012835531,0.00015091438,0.00028279328,-0.00018231139,-0.0003081409,0.0014062152,-0.6729089
2021-08-12 15:00:00,0.00011220071,0.00026177237,-0.00046748717,,,,,,,
2021-08-12 18:00:00,9.7956705e-05,0.00024395218,-0.00047049997,,,,,,,
2021-08-12 21:00:00,9.56554e-05,0.00023372743,-0.0005140643,,,,,,,
2021-08-13 00:00:00,8.4483756e-05,0.00021737021,-0.0005188231,,,,,,,
2021-08-13 03:00:00,8.221205e-05,0.00018195118,-0.0005089279,,,,,,,
2021-08-13 06:00:00,7.461963e-05,0.00016872628,-0.00054285344,,,,,,,
2021-08-13 09:00:00,9.1792e-05,0.00014053291,-0.00052915834,,,,,,,
2021-08-13 12:00:00,7.7335884e-05,0.00012998565,-0.0005690854,0.00011513265,0.000105163344,0.0002441105,-0.00018903278,-0.00030968795,0.0014440507,-0.6783392
2021-08-13 15:00:00,6.078163e-05,0.00010632812,-0.0005401492,,,,,,,
2021-08-13 18:00:00,3.711942e-05,8.199068e-05,-0.0005622701,,,,,,,
2021-08-13 21:00:00,1.1779495e-05,5.655503e-05,-0.000603976,,,,,,,
2021-08-14 00:00:00,-1.45502745e-05,4.5255812e-05,-0.00063620106,,,,,,,
2021-08-14 03:00:00,-2.9867442e-05,2.1277068e-05,-0.00061073294,,,,,,,
2021-08-14 06:00:00,-3.951686e-05,1.093837e-05,-0.00064039143,,,,,,,
2021-08-14 09:00:00,-4.7265137e-05,8.77563e-06,-0.0006410384,,,,,,,
2021-08-14 12:00:00,-8.5977284e-05,9.2835435e-06,-0.00066439575,9.4942094e-05,9.115898e-05,0.00036767867,-0.00019921447,-0.00030640233,0.0014576027,-0.6769028
2021-08-14 15:00:00,-0.00011278738,-1.3880797e-05,-0.00063693745,,,,,,,
2021-08-14 18:00:00,-0.000139478,-2.3927574e-05,-0.00058625353,,,,,,,
2021-08-14 21:00:00,-0.00017091495,-3.1468582e-05,-0.000518417,,,,,,,
2021-08-15 00:00:00,-0.00020057493,-2.620034e-05,-0.000464793,,,,,,,
2021-08-15 03:00:00,-0.00021512856,-3.289404e-05,-0.00038413113,,,,,,,
2021-08-15 06:00:00,-0.00021785089,-3.2866195e-05,-0.00033895203,,,,,,,
2021-08-15 09:00:00,-0.0002198692,-3.0583495e-05,-0.0003024901,,,,,,,
2021-08-15 12:00:00,-0.00023772205,-2.5332163e-05,-0.00026981917,0.00011001469,0.00013602423,0.00048087293,-0.00020558227,-0.00030485014,0.0014666043,-0.6816961
2021-08-15 15:00:00,-0.00023658668,-5.15338e-06,-0.00025741913,,,,,,,
2021-08-15 18:00:00,-0.00022451529,1.3761178e-05,-0.00024506162,,,,,,,
2021-08-15 21:00:00,-0.00020382999,2.5943025e-05,-0.00019341955,,,,,,,
2021-08-16 00:00:00,-0.00018912484,4.1243824e-05,-0.00016688305,,,,,,,
2021-08-16 03:00:00,-0.0001571593,5.0477414e-05,-0.00015418888,,,,,,,
2021-08-16 06:00:00,-0.000113582915,7.817746e-05,-0.00018105337,,,,,,,
2021-08-16 09:00:00,-6.2496016e-05,8.619512e-05,-0.00018565737,,,,,,,
2021-08-16 12:00:00,-4.046548e-05,0.00010369888,-0.00022544654,0.00015133795,0.00016833439,0.0004167384,-0.00021147216,-0.00031069,0.0014897152,-0.6862354
2021-08-16 15:00:00,-1.6659826e-05,0.00013143657,-0.0003143438,,,,,,,
2021-08-16 18:00:00,9.790819e-06,0.00014138588,-0.00039764348,,,,,,,
2021-08-16 21:00:00,2.6564465e-05,0.00014864441,-0.00044625663,,,,,,,
2021-08-17 00:00:00,8.4275e-06,0.00015730185,-0.00050630723,,,,,,,
2021-08-17 03:00:00,2.4067842e-06,0.0001609939,-0.00057328166,,,,,,,
2021-08-17 06:00:00,-7.9721685e-06,0.00018009006,-0.00067964493,,,,,,,
2021-08-17 09:00:00,-1.7529092e-05,0.00018292722,-0.00072980404,,,,,,,
2021-08-17 12:00:00,-4.2055515e-05,0.00018742848,-0.00078320183,0.00014735623,0.00014677756,0.000312712,-0.00020717512,-0.00031034954,0.0015037704,-0.6842465
2021-08-17 15:00:00,-6.671099e-05,0.00020138371,-0.00087864825,,,,,,,
2021-08-17 18:00:00,-0.00010270597,0.000209437,-0.0009703618,,,,,,,
2021-08-17 21:00:00,-0.00014294317,0.00020138182,-0.001007041,,,,,,,
2021-08-18 00:00:00,-0.00019320635,0.00020495188,-0.0010569114,,,,,,,
2021-08-18 03:00:00,-0.00023560056,0.0002170275,-0.0010792399,,,,,,,
2021-08-18 06:00:00,-0.00028167575,0.00022166823,-0.0010726657,,,,,,,
2021-08-18 09:00:00,-0.0003357236,0.0002233271,-0.0010686347,,,,,,,
2021-08-18 12:00:00,-0.00038095872,0.00022167662,-0.0010637789,8.902888e-05,0.00013678045,0.00035516068,-0.00020243319,-0.0003141072,0.0015269547,-0.6840759
2021-08-18 15:00:00,-0.000414096,0.00021618273,-0.0010487722,,,,,,,
2021-08-18 18:00:00,-0.00045087768,0.0002199627,-0.0010016811,,,,,,,
2021-08-18 21:00:00,-0.0004701344,0.00022025743,-0.0009325814,,,,,,,
2021-08-19 00:00:00,-0.0004849863,0.00024029711,-0.0008991807,,,,,,,
2021-08-19 03:00:00,-0.00048257023,0.0002508688,-0.0008367967,,,,,,,
2021-08-19 06:00:00,-0.0004800824,0.0002591192,-0.0008157332,,,,,,,
2021-08-19 09:00:00,-0.00047352377,0.000250456,-0.00079770206,,,,,,,
2021-08-19 12:00:00,-0.0004757799,0.00025655373,-0.00087259384,6.547435e-05,0.00016995221,0.00042095064,-0.00020559781,-0.00031666877,0.0015492744,-0.6891381
2021-08-19 15:00:00,-0.00045808486,0.00025796695,-0.0009048996,,,,,,,
2021-08-19 18:00:00,-0.00044169452,0.00025685973,-0.0008979188,,,,,,,
2021-08-19 21:00:00,-0.0004203905,0.0002529816,-0.0008817849,,,,,,,
2021-08-20 00:00:00,-0.00039002224,0.00025744585,-0.0008786674,,,,,,,
2021-08-20 03:00:00,-0.00036446349,0.00025163483,-0.00085741794,,,,,,,
2021-08-20 06:00:00,-0.0003209381,0.0002530424,-0.0008739465,,,,,,,
2021-08-20 09:00:00,-0.00027142337,0.00025719375,-0.0009010987,,,,,,,
2021-08-20 12:00:00,-0.0002397913,0.00026543168,-0.00094805984,9.890667e-05,0.00017500948,0.00037821452,-0.00020899225,-0.00031738385,0.0015635558,-0.69495285
2021-08-20 15:00:00,-0.00020429694,0.00028128253,-0.0009911373,,,,,,,
2021-08-20 18:00:00,-0.0001720847,0.00028914693,-0.0010302574,,,,,,,
2021-08-20 21:00:00,-0.00013694807,0.0002903489,-0.0010492194,,,,,,,
2021-08-21 00:00:00,-0.00012318241,0.00029716676,-0.0011074641,,,,,,,
2021-08-21 03:00:00,-0.00011032587,0.0002938899,-0.0011197834,,,,,,,
2021-08-21 06:00:00,-8.685666e-05,0.0003007363,-0.0011458244,,,,,,,
2021-08-21 09:00:00,-7.057137e-05,0.00031882207,-0.00119546,,,,,,,
2021-08-21 12:00:00,-5.8529928e-05,0.00033110942,-0.0012394266,0.00012510626,0.00016026382,0.00023566492,-0.00020932537,-0.0003183831,0.0015802941,-0.69715536
2021-08-21 15:00:00,-4.6062727e-05,0.00032971098,-0.0012252324,,,,,,,
2021-08-21 18:00:00,-3.9062626e-05,0.00033956504,-0.0012836596,,,,,,,
2021-08-21 21:00:00,-3.886829e-05,0.00033862313,-0.0013163737,,,,,,,
2021-08-22 00:00:00,-4.1528805e-05,0.0003564956,-0.0013837719,,,,,,,
2021-08-22 03:00:00,-3.7279748e-05,0.0003625669,-0.0014085176,,,,,,,
2021-08-22 06:00:00,-3.629114e-05,0.0003776363,-0.0014742053,,,,,,,
2021-08-22 09:00:00,-2.2906781e-05,0.0003870933,-0.0015002191,,,,,,,
2021-08-22 12:00:00,-8.230617e-07,0.000393492,-0.0015466455,0.00012541414,0.0001649179,0.00012791075,-0.00020625687,-0.00031725783,0.0015827112,-0.70050246
2021-08-22 15:00:00,2.2694954e-05,0.0003798623,-0.0015562088,,,,,,,
2021-08-22 18:00:00,4.8617214e-05,0.00038268484,-0.0016124914,,,,,,,
2021-08-22 21:00:00,7.4416464e-05,0.0003787141,-0.0016194002,,,,,,,
2021-08-23 00:00:00,9.07473e-05,0.00037649253,-0.0016203946,,,,,,,
2021-08-23 03:00:00,0.000111705594,0.00036550744,-0.0016025172,,,,,,,
2021-08-23 06:00:00,0.000120305194,0.00036260375,-0.0016196925,,,,,,,
2021-08-23 09:00:00,0.00013147392,0.00037009423,-0.0016480588,,,,,,,
2021-08-23 12:00:00,0.00014776984,0.00038125122,-0.001686016,0.00013377862,0.00017958421,0.000100322766,-0.00019089405,-0.00030082735,0.0015342244,-0.69717723
2021-08-23 15:00:00,0.00017204002,0.00038564435,-0.0016821824,,,,,,,
2021-08-23 18:00:00,0.00018524262,0.00040134363,-0.001731429,,,,,,,
2021-08-23 21:00:00,0.00020308718,0.00041553046,-0.0017416955,,,,,,,
2021-08-24 00:00:00,0.00021409935,0.00043104545,-0.0017921375,,,,,,,
2021-08-24 03:00:00,0.00023621603,0.00045406405,-0.0018452138,,,,,,,
2021-08-24 06:00:00,0.00024760305,0.00048676133,-0.0019310963,,,,,,,
2021-08-24 09:00:00,0.00026163654,0.00050969323,-0.0019456736,,,,,,,
2021-08-24 12:00:00,0.0002585558,0.0005200413,-0.0019378351,0.00014028502,0.00019408502,0.00011429286,-0.00018646457,-0.00029259495,0.0015126329,-0.6939778
2021-08-24 15:00:00,0.00025515942,0.0005117798,-0.0018999309,,,,,,,
2021-08-24 18:00:00,0.0002185089,0.000499292,-0.0018826744,,,,,,,
2021-08-24 21:00:00,0.00017162114,0.0004754537,-0.0018479977,,,,,,,
2021-08-25 00:00:00,0.00012548981,0.00044574385,-0.0017727484,,,,,,,
2021-08-25 03:00:00,7.539562e-05,0.0004272285,-0.0017194482,,,,,,,
2021-08-25 06:00:00,3.48836e-05,0.00042023827,-0.0017126328,,,,,,,
2021-08-25 09:00:00,9.723735e-06,0.00040594954,-0.0016829472,,,,,,,
2021-08-25 12:00:00,-2.2191402e-05,0.0003880358,-0.0016181401,0.00012067057,0.00019071501,0.00024016848,-0.00018162165,-0.000286242,0.00151349,-0.69440377
2021-08-25 15:00:00,-3.8306873e-05,0.00036620075,-0.0015774161,,,,,,,
2021-08-25 18:00:00,-5.3464995e-05,0.00034760663,-0.0015389264,,,,,,,
2021-08-25 21:00:00,-6.376327e-05,0.00031107976,-0.001472384,,,,,,,
2021-08-26 00:00:00,-7.7866374e-05,0.0002814129,-0.0013838997,,,,,,,
2021-08-26 03:00:00,-7.866388e-05,0.00026305983,-0.0013444537,,,,,,,
2021-08-26 06:00:00,-7.5795535e-05,0.00027745246,-0.0013894533,,,,,,,
2021-08-26 09:00:00,-5.4362044e-05,0.00028393898,-0.0014075863,,,,,,,
2021-08-26 12:00:00,-4.786555e-05,0.0002850325,-0.0014265443,0.0001063664,0.0001709207,0.0002463603,-0.00016858359,-0.00027542165,0.0014771093,-0.6913121
2021-08-26 15:00:00,-2.5463774e-05,0.00029188555,-0.0014654103,,,,,,,
2021-08-26 18:00:00,-1.6540966e-05,0.00028627165,-0.00148818,,,,,,,
2021-08-26 21:00:00,-6.440732e-06,0.00027023285,-0.0014721395,,,,,,,
2021-08-27 00:00:00,1.6877457e-05,0.00026025675,-0.0014151098,,,,,,,
2021-08-27 03:00:00,4.358723e-05,0.0002564607,-0.0013705614,,,,,,,
2021-08-27 06:00:00,5.8111924e-05,0.00026320698,-0.001385632,,,,,,,
2021-08-27 09:00:00,8.011871e-05,0.00025160512,-0.0013445073,,,,,,,
2021-08-27 12:00:00,8.365397e-05,0.00023766723,-0.0013080506,0.000116432115,0.00015407853,0.00015558623,-0.00016531676,-0.00025514452,0.0014167159,-0.6739222
2021-08-27 15:00:00,8.6123975e-05,0.0002282472,-0.0013267474,,,,,,,
2021-08-27 18:00:00,8.7495464e-05,0.0002343674,-0.0013921674,,,,,,,
2021-08-27 21:00:00,7.780892e-05,0.00023292427,-0.0014085147,,,,,,,
2021-08-28 00:00:00,6.0064434e-05,0.00024328766,-0.0014529044,,,,,,,
2021-08-28 03:00:00,4.130149e-05,0.0002497285,-0.0014871295,,,,,,,
2021-08-28 06:00:00,9.267624e-06,0.0002588058,-0.0015370497,,,,,,,
2021-08-28 09:00:00,-2.9166324e-05,0.0002642701,-0.00158752,,,,,,,
2021-08-28 12:00:00,-5.506812e-05,0.00025783645,-0.0016227084,9.513181e-05,0.00013560975,0.00014407106,-0.0001694665,-0.00025495273,0.001422563,-0.67653114
2021-08-28 15:00:00,-7.1868664e-05,0.00025888166,-0.0016452608,,,,,,,
2021-08-28 18:00:00,-0.00010191024,0.00025127298,-0.0016802205,,,,,,,
2021-08-28 21:00:00,-0.000112479735,0.00022701074,-0.0016329478,,,,,,,
2021-08-29 00:00:00,-0.00013548242,0.00022715541,-0.0016360182,,,,,,,
2021-08-29 03:00:00,-0.0001434413,0.00023712398,-0.0016439947,,,,,,,
2021-08-29 06:00:00,-0.00014610878,0.00024797936,-0.0016264914,,,,,,,
2021-08-29 09:00:00,-0.00015226223,0.00025441556,-0.0016030775,,,,,,,
2021-08-29 12:00:00,-0.0001509298,0.00026670552,-0.0016014233,7.4962845e-05,0.00014320067,0.00025895363,-0.0001669643,-0.00025458666,0.0014331411,-0.6757847
2021-08-29 15:00:00,-0.00012793837,0.00029894846,-0.0016209097,,,,,,,
2021-08-29 18:00:00,-0.00011192937,0.00031008164,-0.0016135307,,,,,,,
2021-08-29 21:00:00,-9.5675874e-05,0.0003109594,-0.0015433321,,,,,,,
2021-08-30 00:00:00,-8.221563e-05,0.00033882813,-0.0015751222,,,,,,,
2021-08-30 03:00:00,-4.8671733e-05,0.00036853424,-0.0016095024,,,,,,,
2021-08-30 06:00:00,-1.1194599e-05,0.00039669854,-0.0016124565,,,,,,,
2021-08-30 09:00:00,2.8652406e-05,0.00042591538,-0.0016148094,,,,,,,
2021-08-30 12:00:00,6.083379e-05,0.0004620808,-0.0016898687,0.00011798108,0.00018127859,0.00025673423,-0.0001624127,-0.0002490703,0.0014176624,-0.6680757
2021-08-30 15:00:00,9.705747e-05,0.0004915495,-0.001757854,,,,,,,
2021-08-30 18:00:00,0.00013060922,0.00050469267,-0.0018241091,,,,,,,
2021-08-30 21:00:00,0.00014792725,0.00050915853,-0.0018324819,,,,,,,
2021-08-31 00:00:00,0.00015536058,0.00053010613,-0.0019158496,,,,,,,
2021-08-31 03:00:00,0.00016324635,0.0005392707,-0.0019507967,,,,,,,
2021-08-31 06:00:00,0.00016198357,0.0005452748,-0.0019738113,,,,,,,
2021-08-31 09:00:00,0.00015530881,0.000555187,-0.0020058365,,,,,,,
2021-08-31 12:00:00,0.00014275085,0.0005569716,-0.0020469485,0.00014491468,0.00018698956,0.00021541721,-0.00016813258,-0.00025234502,0.0014264707,-0.6689551
2021-08-31 15:00:00,0.00012679961,0.0005559527,-0.002039214,,,,,,,
2021-08-31 18:00:00,0.0001006207,0.0005468082,-0.0020145522,,,,,,,
2021-08-31 21:00:00,8.108992e-05,0.0005452974,-0.002017296,,,,,,,
2021-09-01 00:00:00,5.2111154e-05,0.0005456664,-0.0020176973,,,,,,,
2021-09-01 03:00:00,2.1139957e-05,0.00053836283,-0.0019734933,,,,,,,
2021-09-01 06:00:00,-1.9507452e-05,0.0005328734,-0.00197627,,,,,,,
2021-09-01 09:00:00,-4.8901435e-05,0.0005422744,-0.002016351,,,,,,,
2021-09-01 12:00:00,-7.346602e-05,0.00055557315,-0.0020382898,0.00011402444,0.00017557287,0.00016012779,-0.00017319657,-0.00025474213,0.0014392921,-0.66693145
2021-09-01 15:00:00,-0.0001014056,0.0005523107,-0.0019951002,,,,,,,
2021-09-01 18:00:00,-0.0001365918,0.000545916,-0.0019550724,,,,,,,
2021-09-01 21:00:00,-0.00016126048,0.0005525136,-0.0019510593,,,,,,,
2021-09-02 00:00:00,-0.00018097468,0.0005558869,-0.0019642147,,,,,,,
2021-09-02 03:00:00,-0.00019063812,0.0005371783,-0.0018874727,,,,,,,
2021-09-02 06:00:00,-0.00021202833,0.0005129116,-0.0018491541,,,,,,,
2021-09-02 09:00:00,-0.00022717708,0.0005056814,-0.001857502,,,,,,,
2021-09-02 12:00:00,-0.00024022246,0.0004933602,-0.0018399555,8.526289e-05,0.00017064174,0.00015266283,-0.0001833979,-0.00025304037,0.001437264,-0.6622375
2021-09-02 15:00:00,-0.00024369777,0.00046437053,-0.0017594808,,,,,,,
2021-09-02 18:00:00,-0.00027656372,0.0004270892,-0.0016450946,,,,,,,
2021-09-02 21:00:00,-0.00030565448,0.00038877988,-0.0015629102,,,,,,,
2021-09-03 00:00:00,-0.00032470014,0.00035525204,-0.0014896839,,,,,,,
2021-09-03 03:00:00,-0.00033719174,0.00030697297,-0.0013267461,,,,,,,
2021-09-03 06:00:00,-0.00035063754,0.00027642734,-0.0011824172,,,,,,,
2021-09-03 09:00:00,-0.00033862834,0.0002635953,-0.0010758634,,,,,,,
2021-09-03 12:00:00,-0.00032625077,0.00024776612,-0.00096112886,8.901955e-05,0.00018147948,0.0002999063,-0.0001821292,-0.00024709015,0.0014511207,-0.6637693
2021-09-03 15:00:00,-0.00029875926,0.0002315938,-0.00080113485,,,,,,,
2021-09-03 18:00:00,-0.00028317128,0.00020808903,-0.0006613851,,,,,,,
2021-09-03 21:00:00,-0.00024225903,0.00018891771,-0.0005961848,,,,,,,
2021-09-04 00:00:00,-0.00021377596,0.00017487981,-0.00048506437,,,,,,,
2021-09-04 03:00:00,-0.0001717077,0.0001599462,-0.0003721061,,,,,,,
2021-09-04 06:00:00,-0.00012223354,0.00015618662,-0.0002717328,,,,,,,
2021-09-04 09:00:00,-7.239325e-05,0.00015112259,-0.00022594002,,,,,,,
2021-09-04 12:00:00,-3.7959002e-05,0.0001348257,-0.00014622688,0.00014392691,0.000212769,0.00037640973,-0.00017057781,-0.00023208064,0.0014261141,-0.66091585
2021-09-04 15:00:00,4.527676e-06,0.00010321337,-5.740667e-06,,,,,,,
2021-09-04 18:00:00,4.0753042e-05,6.6208624e-05,0.0001132647,,,,,,,
2021-09-04 21:00:00,8.3318795e-05,4.865453e-06,0.00027653654,,,,,,,
2021-09-05 00:00:00,0.00011903494,-3.4112014e-05,0.0004466537,,,,,,,
2021-09-05 03:00:00,0.00019574938,-4.1215502e-05,0.00047178153,,,,,,,
2021-09-05 06:00:00,0.00026076334,-3.77597e-05,0.00049257494,,,,,,,
2021-09-05 09:00:00,0.00032495952,-4.3362794e-05,0.00050236325,,,,,,,
2021-09-05 12:00:00,0.0003665733,-4.6044435e-05,0.0005350936,0.00019996156,0.00021720366,0.00038410467,-0.00015670604,-0.00021034517,0.0013660769,-0.64710736
2021-09-05 15:00:00,0.00040665088,-4.11261e-05,0.00053296954,,,,,,,
2021-09-05 18:00:00,0.00043584805,-3.0680716e-05,0.00048270155,,,,,,,
2021-09-05 21:00:00,0.0004589975,-3.785618e-05,0.00046290667,,,,,,,
2021-09-06 00:00:00,0.00046774014,-4.8569058e-05,0.0004298867,,,,,,,
2021-09-06 03:00:00,0.00048076932,-6.875944e-05,0.00044630276,,,,,,,
2021-09-06 06:00:00,0.00047120487,-8.7798086e-05,0.00042603936,,,,,,,
2021-09-06 09:00:00,0.00047335745,-0.000112781076,0.00042336772,,,,,,,
2021-09-06 12:00:00,0.0004686909,-0.00012427582,0.00043716902,0.00021318246,0.00019847306,0.00034822838,-0.00015328416,-0.00020550036,0.0013682634,-0.65100354
2021-09-06 15:00:00,0.0004639217,-0.00012567932,0.00044255663,,,,,,,
2021-09-06 18:00:00,0.00046014303,-0.00011397886,0.00038445622,,,,,,,
2021-09-06 21:00:00,0.00046324715,-9.9538665e-05,0.00027806294,,,,,,,
2021-09-07 00:00:00,0.00045025593,-7.9805235e-05,0.00016482547,,,,,,,
2021-09-07 03:00:00,0.00042529867,-5.8704085e-05,0.00010880961,,,,,,,
2021-09-07 06:00:00,0.00039657796,-3.9040355e-05,1.9561607e-05,,,,,,,
2021-09-07 09:00:00,0.00037575985,-1.6943972e-05,-6.299409e-05,,,,,,,
2021-09-07 12:00:00,0.00033487007,1.6375077e-05,-0.00014135042,0.00019469786,0.00018193414,0.00030339754,-0.00015990583,-0.00020862039,0.00137413,-0.65922165
2021-09-07 15:00:00,0.0003041463,3.899254e-05,-0.00016507924,,,,,,,
2021-09-07 18:00:00,0.00026590333,5.7373443e-05,-0.00020704395,,,,,,,
2021-09-07 21:00:00,0.00023610106,6.702466e-05,-0.00023187338,,,,,,,
2021-09-08 00:00:00,0.00020426228,8.261575e-05,-0.00026183555,,,,,,,
2021-09-08 03:00:00,0.00016711884,8.996533e-05,-0.00024828198,,,,,,,
2021-09-08 06:00:00,0.00013443262,9.905307e-05,-0.00026115187,,,,,,,
2021-09-08 09:00:00,0.00011090833,0.0001002201,-0.00025615003,,,,,,,
2021-09-08 12:00:00,7.29584e-05,0.00010455313,-0.0002674078,0.00015910878,0.00017713763,0.0003390786,-0.0001635616,-0.0002123411,0.0013802476,-0.6661059
2021-09-08 15:00:00,4.5207296e-05,0.00011050028,-0.00023668267,,,,,,,
2021-09-08 18:00:00,5.8701985e-06,0.00010559536,-0.00023101177,,,,,,,
2021-09-08 21:00:00,-1.3803265e-05,0.00010614317,-0.00023848123,,,,,,,
2021-09-09 00:00:00,-3.6415095e-05,0.00011142064,-0.00023748173,,,,,,,
2021-09-09 03:00:00,-4.0976254e-05,0.000103690785,-0.00022214952,,,,,,,
2021-09-09 06:00:00,-5.139774e-05,0.00011521822,-0.00023952451,,,,,,,
2021-09-09 09:00:00,-5.6046112e-05,0.00012805044,-0.00025256016,,,,,,,
2021-09-09 12:00:00,-6.616174e-05,0.00014227531,-0.00029708733,0.00014245178,0.00017044578,0.0004080652,-0.0001701255,-0.00021848996,0.0013903249,-0.6673183
2021-09-09 15:00:00,-7.263378e-05,0.0001481815,-0.00030547322,,,,,,,
2021-09-09 18:00:00,-7.006885e-05,0.00015117865,-0.0002922501,,,,,,,
2021-09-09 21:00:00,-6.388586e-05,0.00015433079,-0.00031629018,,,,,,,
2021-09-10 00:00:00,-7.347954e-05,0.00015039361,-0.00028840164,,,,,,,
2021-09-10 03:00:00,-6.5999986e-05,0.00013665539,-0.0002673578,,,,,,,
2021-09-10 06:00:00,-6.7319575e-05,0.0001412287,-0.00028822603,,,,,,,
2021-09-10 09:00:00,-5.694387e-05,0.00014875577,-0.00033448028,,,,,,,
2021-09-10 12:00:00,-6.755362e-05,0.00014932033,-0.0003304762,0.00013416575,0.00014807245,0.00032748922,-0.00017291578,-0.00022028208,0.0013966744,-0.66582
2021-09-10 15:00:00,-6.961846e-05,0.0001488605,-0.00031031563,,,,,,,
2021-09-10 18:00:00,-6.3735264e-05,0.00014899175,-0.0003104183,,,,,,,
2021-09-10 21:00:00,-4.6619556e-05,0.00015015074,-0.00028890063,,,,,,,
2021-09-11 00:00:00,-4.9643626e-05,0.00014981521,-0.00027606817,,,,,,,
2021-09-11 03:00:00,-5.133951e-05,0.00016105009,-0.0002708218,,,,,,,
2021-09-11 06:00:00,-5.9819056e-05,0.00018809893,-0.00029778597,,,,,,,
2021-09-11 09:00:00,-6.4684726e-05,0.00020880876,-0.00036229877,,,,,,,
2021-09-11 12:00:00,-9.829599e-05,0.00022979548,-0.00035769166,0.00010837858,0.00015147691,0.0002483964,-0.00017195003,-0.00021834671,0.0013838273,-0.664795
2021-09-11 15:00:00,-0.00010257077,0.00025846862,-0.0003658565,,,,,,,
2021-09-11 18:00:00,-0.000110737055,0.00028191114,-0.00038647963,,,,,,,
2021-09-11 21:00:00,-8.821455e-05,0.00028979746,-0.0003471815,,,,,,,
2021-09-12 00:00:00,-7.110898e-05,0.00028513704,-0.00024039434,,,,,,,
2021-09-12 03:00:00,-5.7701585e-05,0.00025786232,-0.000118384385,,,,,,,
2021-09-12 06:00:00,-4.1501327e-05,0.0002253624,-5.377569e-06,,,,,,,
2021-09-12 09:00:00,-1.9932097e-05,0.00017842147,0.00015789023,,,,,,,
2021-09-12 12:00:00,-1.2233045e-05,0.00013022394,0.00033072033,9.8899574e-05,0.00018844024,0.0003391434,-0.00015604524,-0.00018177,0.0012409453,-0.62901855
2021-09-12 15:00:00,-9.738759e-06,7.516854e-05,0.00054948224,,,,,,,
2021-09-12 18:00:00,-3.7522084e-05,1.3349391e-05,0.00071560027,,,,,,,
2021-09-12 21:00:00,-5.5770164e-05,-4.2444506e-05,0.0008433223,,,,,,,
2021-09-13 00:00:00,-8.147753e-05,-0.00010024418,0.0009665038,,,,,,,
2021-09-13 03:00:00,-0.00010875113,-0.00014366616,0.0010415893,,,,,,,
2021-09-13 06:00:00,-0.00013758408,-0.00017852514,0.0010896932,,,,,,,
2021-09-13 09:00:00,-0.00014499952,-0.00020948639,0.0011163992,,,,,,,
2021-09-13 12:00:00,-0.00014083278,-0.00020245681,0.0010687802,0.000116406365,0.00020665156,0.00049663393,-0.00012631486,-0.00014611028,0.0011056792,-0.5936485
2021-09-13 15:00:00,-0.0001334179,-0.00017923402,0.0009982393,,,,,,,
2021-09-13 18:00:00,-0.00012973338,-0.00018501071,0.000947522,,,,,,,
2021-09-13 21:00:00,-0.00012265252,-0.0001935094,0.00092735374,,,,,,,
2021-09-14 00:00:00,-0.00010760578,-0.00020171235,0.00091297,,,,,,,
2021-09-14 03:00:00,-8.022297e-05,-0.00020806644,0.00089258165,,,,,,,
2021-09-14 06:00:00,-5.6529876e-05,-0.000205944,0.00087699236,,,,,,,
2021-09-14 09:00:00,-2.5601641e-05,-0.000199694,0.00083654583,,,,,,,
2021-09-14 12:00:00,6.9347097e-06,-0.00018852958,0.00077943294,0.0001480392,0.0002041304,0.000499496,-0.00012327293,-0.00013974332,0.0010776329,-0.58699083
2021-09-14 15:00:00,4.2919462e-05,-0.00017343147,0.000734556,,,,,,,
2021-09-14 18:00:00,7.03435e-05,-0.00017991295,0.0006806167,,,,,,,
2021-09-14 21:00:00,9.945682e-05,-0.00018326893,0.0006600211,,,,,,,
2021-09-15 00:00:00,0.00011608921,-0.00017411684,0.0006037544,,,,,,,
2021-09-15 03:00:00,0.00014891912,-0.00016442078,0.00055151276,,,,,,,
2021-09-15 06:00:00,0.00016940974,-0.00015384192,0.00048162154,,,,,,,
2021-09-15 09:00:00,0.00018241304,-0.00014349789,0.00041632133,,,,,,,
2021-09-15 12:00:00,0.00018198325,-0.00013751522,0.000356808,0.00015782045,0.00017497384,0.0004500528,-0.00012231545,-0.00013976774,0.001074856,-0.5806175
2021-09-15 15:00:00,0.00017444431,-0.00014099557,0.0003030758,,,,,,,
2021-09-15 18:00:00,0.00015915191,-0.00016240464,0.000263249,,,,,,,
2021-09-15 21:00:00,0.00013948405,-0.00018511682,0.00021729272,,,,,,,
2021-09-16 00:00:00,0.000118204654,-0.00020580852,0.0001868959,,,,,,,
2021-09-16 03:00:00,0.00010199114,-0.00023139064,0.0002168243,,,,,,,
2021-09-16 06:00:00,8.44797e-05,-0.0002524063,0.00021665018,,,,,,,
2021-09-16 09:00:00,7.040986e-05,-0.00026447087,0.00017086335,,,,,,,
2021-09-16 12:00:00,4.1131447e-05,-0.0002702875,0.00013308303,0.00013565691,0.00012700065,0.0004132626,-8.342043e-05,-0.00011517263,0.0009783637,-0.55440414
2021-09-16 15:00:00,2.145716e-05,-0.0002889237,0.00016910754,,,,,,,
2021-09-16 18:00:00,8.134108e-07,-0.0003122117,0.00016674316,,,,,,,
2021-09-16 21:00:00,-1.2685079e-05,-0.00031848223,0.0001495365,,,,,,,
2021-09-17 00:00:00,-1.4608247e-05,-0.00031498034,0.00015364983,,,,,,,
2021-09-17 03:00:00,-2.1823678e-05,-0.0003047527,0.00019810704,,,,,,,
2021-09-17 06:00:00,-1.2402969e-05,-0.0002997093,0.000164864,,,,,,,
2021-09-17 09:00:00,5.7593147e-06,-0.00030220338,0.00015853862,,,,,,,
2021-09-17 12:00:00,2.1867041e-05,-0.0003061133,0.00016053926,0.00013186317,0.0001307209,0.00045826667,-8.0178186e-05,-0.00011688394,0.0009885383,-0.55377775
2021-09-17 15:00:00,5.5113436e-05,-0.00030968653,0.00025517735,,,,,,,
2021-09-17 18:00:00,7.6857265e-05,-0.00031409189,0.00030574913,,,,,,,
2021-09-17 21:00:00,0.0001153119,-0.0003067829,0.000279139,,,,,,,
2021-09-18 00:00:00,0.0001491843,-0.00029679108,0.00031454785,,,,,,,
2021-09-18 03:00:00,0.00018419861,-0.00029560883,0.00036589341,,,,,,,
2021-09-18 06:00:00,0.00021491313,-0.00028303268,0.000355582,,,,,,,
2021-09-18 09:00:00,0.00023332867,-0.00028461879,0.00041308595,,,,,,,
2021-09-18 12:00:00,0.00025233513,-0.00029786408,0.0004694025,0.00017208408,0.00015593035,0.00045507122,-5.5179073e-05,-0.0001023721,0.0009536007,-0.5388449
2021-09-18 15:00:00,0.00024577137,-0.00032719312,0.0005757043,,,,,,,
2021-09-18 18:00:00,0.00024033521,-0.00034304673,0.0005665564,,,,,,,
2021-09-18 21:00:00,0.00024219879,-0.00034959667,0.00054354867,,,,,,,
2021-09-19 00:00:00,0.00022847856,-0.0003503292,0.0005147143,,,,,,,
2021-09-19 03:00:00,0.00024350884,-0.0003328314,0.00049302564,,,,,,,
2021-09-19 06:00:00,0.0002712514,-0.0002950023,0.00036353825,,,,,,,
2021-09-19 09:00:00,0.00030128198,-0.00026110935,0.00022619098,,,,,,,
2021-09-19 12:00:00,0.00033018884,-0.00025038855,0.00017827349,0.00018840237,0.0001560826,0.00035627966,-4.731318e-05,-0.00010336844,0.0009493154,-0.5430691
2021-09-19 15:00:00,0.00034713364,-0.00025446925,0.0001550014,,,,,,,
2021-09-19 18:00:00,0.0003406875,-0.0002554539,6.1306346e-05,,,,,,,
2021-09-19 21:00:00,0.0003198082,-0.000280253,0.000114203445,,,,,,,
2021-09-20 00:00:00,0.0002768388,-0.00031952365,0.00019129997,,,,,,,
2021-09-20 03:00:00,0.0002330746,-0.00032984116,0.00022691206,,,,,,,
2021-09-20 06:00:00,0.00021454463,-0.00029799526,0.00013589459,,,,,,,
2021-09-20 09:00:00,0.00020813583,-0.00026148756,5.1466337e-05,,,,,,,
2021-09-20 12:00:00,0.00022171387,-0.00020198686,-6.0548606e-05,0.0001629944,0.00016002415,0.00020037871,-2.7079524e-05,-8.765162e-05,0.0008999329,-0.53201276
2021-09-20 15:00:00,0.00025260207,-0.00013194254,-0.00019613301,,,,,,,
2021-09-20 18:00:00,0.00029212888,-5.9537804e-05,-0.00034456444,,,,,,,
2021-09-20 21:00:00,0.00031238084,-2.5475285e-05,-0.00036557575,,,,,,,
2021-09-21 00:00:00,0.00031663588,-3.3558073e-05,-0.0003170794,,,,,,,
2021-09-21 03:00:00,0.0002913362,-7.343191e-05,-0.00013079996,,,,,,,
2021-09-21 06:00:00,0.00022191482,-0.00016036825,0.00011757702,,,,,,,
2021-09-21 09:00:00,0.0001524786,-0.00029176284,0.0005198055,,,,,,,
2021-09-21 12:00:00,7.6720666e-05,-0.00043420662,0.0009636418,0.00013485194,0.00016297473,0.00015272532,4.0114646e-06,-4.526134e-05,0.00078915,-0.5004592
2021-09-21 15:00:00,7.237521e-05,-0.0004357274,0.0010575785,,,,,,,
2021-09-21 18:00:00,0.0001359507,-0.00031129335,0.00078439363,,,,,,,
2021-09-21 21:00:00,0.00017169499,-0.0002604322,0.0007162861,,,,,,,
2021-09-22 00:00:00,0.0001777941,-0.00022324234,0.0006652396,,,,,,,
2021-09-22 03:00:00,0.00017103918,-0.00019450228,0.0006648311,,,,,,,
2021-09-22 06:00:00,0.00015415429,-0.00017344508,0.0006581514,,,,,,,
2021-09-22 09:00:00,0.00014392633,-0.00013406572,0.0006420136,,,,,,,
2021-09-22 12:00:00,0.00012002469,-9.459363e-05,0.0006298739,0.0001247405,0.0001897738,0.00018576164,-3.5198864e-06,-4.7680973e-05,0.000805192,-0.49789548
2021-09-22 15:00:00,9.741445e-05,-7.568735e-05,0.0006585429,,,,,,,
2021-09-22 18:00:00,7.417516e-05,-3.764496e-05,0.000594451,,,,,,,
2021-09-22 21:00:00,6.94378e-05,7.0371034e-06,0.00058724574,,,,,,,
2021-09-23 00:00:00,6.400245e-05,4.567333e-05,0.00057437277,,,,,,,
2021-09-23 03:00:00,3.1431042e-05,6.778063e-05,0.0006504136,,,,,,,
2021-09-23 06:00:00,-1.8238869e-05,6.318684e-05,0.00074233406,,,,,,,
2021-09-23 09:00:00,-7.5978154e-05,3.993139e-05,0.00090041576,,,,,,,
2021-09-23 12:00:00,-0.0001612866,-3.1435645e-06,0.0010796961,0.0001172484,0.00021463845,0.00025458983,1.26153645e-05,-3.8659826e-05,0.0007695431,-0.48497623
2021-09-23 15:00:00,-0.00024097665,-4.760997e-05,0.0012635275,,,,,,,
2021-09-23 18:00:00,-0.00031657054,-6.325631e-05,0.0013749202,,,,,,,
2021-09-23 21:00:00,-0.00035444237,-4.80084e-05,0.0014115396,,,,,,,
2021-09-24 00:00:00,-0.0003821308,2.7429437e-06,0.0013576152,,,,,,,
2021-09-24 03:00:00,-0.0003885859,4.7107278e-05,0.0012841248,,,,,,,
2021-09-24 06:00:00,-0.00037390742,9.068946e-05,0.0012344689,,,,,,,
2021-09-24 09:00:00,-0.00036179947,0.00012023735,0.0012065576,,,,,,,
2021-09-24 12:00:00,-0.00035202826,0.00014976479,0.0011551651,0.000105768326,0.00021131369,0.00019256183,1.2185712e-05,-4.4554785e-05,0.00078437675,-0.48539513
2021-09-24 15:00:00,-0.0003202657,0.0001760265,0.0011675048,,,,,,,
2021-09-24 18:00:00,-0.00029804703,0.00020073526,0.0011338011,,,,,,,
2021-09-24 21:00:00,-0.00026236312,0.00022052837,0.0011483405,,,,,,,
2021-09-25 00:00:00,-0.00025819786,0.00024550295,0.0011273321,,,,,,,
2021-09-25 03:00:00,-0.00023804778,0.00025997584,0.0010624593,,,,,,,
2021-09-25 06:00:00,-0.0002105762,0.0002752017,0.0010209159,,,,,,,
2021-09-25 09:00:00,-0.0001795902,0.0002828521,0.0009779959,,,,,,,
2021-09-25 12:00:00,-0.00015834681,0.0002891007,0.00091590104,0.00012481722,0.000217759,8.7350214e-05,1.0961943e-05,-5.0480077e-05,0.000793808,-0.4905174
2021-09-25 15:00:00,-0.0001236278,0.00029842876,0.0008746401,,,,,,,
2021-09-25 18:00:00,-9.737347e-05,0.00029801327,0.00079653924,,,,,,,
2021-09-25 21:00:00,-7.339198e-05,0.00028979217,0.00076407095,,,,,,,
2021-09-26 00:00:00,-5.0732277e-05,0.0002938414,0.00065753446,,,,,,,
2021-09-26 03:00:00,-2.2251299e-05,0.00028761555,0.00058705575,,,,,,,
2021-09-26 06:00:00,-8.253067e-06,0.00027841126,0.00054203207,,,,,,,
2021-09-26 09:00:00,2.9244393e-05,0.00026996102,0.00051144545,,,,,,,
2021-09-26 12:00:00,5.1184266e-05,0.00027075992,0.00045044645,0.00013150994,0.0002077534,-1.4943895e-05,1.8138471e-05,-4.385496e-05,0.00077165425,-0.49026835
2021-09-26 15:00:00,6.661984e-05,0.00028113963,0.0003392124,,,,,,,
2021-09-26 18:00:00,7.6038625e-05,0.00028660303,0.00024273708,,,,,,,
2021-09-26 21:00:00,0.00010713025,0.00030361357,0.00016864364,,,,,,,
2021-09-27 00:00:00,0.00013273569,0.00033798657,4.2493222e-05,,,,,,,
2021-09-27 03:00:00,0.00016351104,0.00036193288,-3.5007368e-05,,,,,,,
2021-09-27 06:00:00,0.00018772965,0.00037367048,-8.887223e-05,,,,,,,
2021-09-27 09:00:00,0.00022994539,0.00038533765,-0.0001435744,,,,,,,
2021-09-27 12:00:00,0.00025987934,0.00038402388,-0.00025796902,0.00013659858,0.00019175079,-6.741778e-05,1.1807559e-05,-4.561679e-05,0.00075959566,-0.49106693
2021-09-27 15:00:00,0.00028132077,0.00037868967,-0.00036464736,,,,,,,
2021-09-27 18:00:00,0.0002941326,0.00037411173,-0.0004634092,,,,,,,
2021-09-27 21:00:00,0.00030919112,0.00036512048,-0.00056123926,,,,,,,
2021-09-28 00:00:00,0.00030794129,0.00034866753,-0.00063897384,,,,,,,
2021-09-28 03:00:00,0.00029958182,0.0003448415,-0.0007215183,,,,,,,
2021-09-28 06:00:00,0.00028883407,0.00032848888,-0.0007613113,,,,,,,
2021-09-28 09:00:00,0.00028868215,0.00030620975,-0.0007622821,,,,,,,
2021-09-28 12:00:00,0.00029070172,0.0002798297,-0.0007259224,0.00014799235,0.00018016486,-0.00011503802,3.4038454e-05,-1.2513054e-05,0.0006665238,-0.47324714
2021-09-28 15:00:00,0.00030906283,0.00025876926,-0.0006716219,,,,,,,
2021-09-28 18:00:00,0.00031426194,0.00022693482,-0.0006054219,,,,,,,
2021-09-28 21:00:00,0.00032070032,0.00021662061,-0.0005960437,,,,,,,
2021-09-29 00:00:00,0.0003255926,0.00021910007,-0.00064469926,,,,,,,
2021-09-29 03:00:00,0.00031189714,0.00023237444,-0.0007191523,,,,,,,
2021-09-29 06:00:00,0.0003090976,0.00024014896,-0.00079731806,,,,,,,
2021-09-29 09:00:00,0.00029846595,0.00025309523,-0.00087926607,,,,,,,
2021-09-29 12:00:00,0.00028008397,0.0002555012,-0.00095993606,0.00014688447,0.00017339143,-0.00023771092,4.09889e-05,-6.3114494e-06,0.000636664,-0.47623578
2021-09-29 15:00:00,0.00027358858,0.00024244263,-0.0010136162,,,,,,,
2021-09-29 18:00:00,0.00026846747,0.0002262575,-0.0010642288,,,,,,,
2021-09-29 21:00:00,0.00025797467,0.00022319176,-0.001066512,,,,,,,
2021-09-30 00:00:00,0.00023800986,0.00023144895,-0.0010866162,,,,,,,
2021-09-30 03:00:00,0.0002205265,0.0002391058,-0.0011023436,,,,,,,
2021-09-30 06:00:00,0.00019414707,0.0002514353,-0.001139001,,,,,,,
2021-09-30 09:00:00,0.00016634531,0.00025805773,-0.0011656346,,,,,,,
2021-09-30 12:00:00,0.00013600476,0.00025980143,-0.0012061589,0.00012855281,0.00015257257,-0.00033832924,3.6369875e-05,-1.3206773e-05,0.0006520421,-0.47953406
2021-09-30 15:00:00,9.1720976e-05,0.00025265495,-0.0011795297,,,,,,,
2021-09-30 18:00:00,5.4210184e-05,0.0002446873,-0.0012263082,,,,,,,
2021-09-30 21:00:00,3.022174e-05,0.0002295148,-0.0012047334,,,,,,,
2021-10-01 00:00:00,-7.8379503e-07,0.00020825009,-0.0011410718,,,,,,,
2021-10-01 03:00:00,-3.7075697e-05,0.00018342974,-0.0010672571,,,,,,,
2021-10-01 06:00:00,-6.520296e-05,0.00017619123,-0.0010686413,,,,,,,
2021-10-01 09:00:00,-9.319892e-05,0.00017116248,-0.0010729345,,,,,,,
2021-10-01 12:00:00,-0.000105425774,0.00016281648,-0.0010317459,0.00010570287,0.0001362563,-0.00028453974,4.103829e-05,-1.15984e-05,0.00064746395,-0.47850797
2021-10-01 15:00:00,-0.00011945987,0.00015919837,-0.0010127085,,,,,,,
2021-10-01 18:00:00,-0.00012714599,0.0001719295,-0.0010346688,,,,,,,
2021-10-01 21:00:00,-0.00013206483,0.00019339263,-0.0010137398,,,,,,,
2021-10-02 00:00:00,-0.00013531937,0.000196021,-0.0009737142,,,,,,,
2021-10-02 03:00:00,-0.00013816149,0.0002063208,-0.0008923142,,,,,,,
2021-10-02 06:00:00,-0.00012307671,0.0002330217,-0.00084303145,,,,,,,
2021-10-02 09:00:00,-0.000104180566,0.00026747564,-0.00076164806,,,,,,,
2021-10-02 12:00:00,-8.670909e-05,0.00028158643,-0.00061813486,0.00011114804,0.00016986876,-0.00019684025,4.3874184e-05,-1.32193745e-05,0.00063827774,-0.47495243
2021-10-02 15:00:00,-5.77428e-05,0.00030637247,-0.0005094798,,,,,,,
2021-10-02 18:00:00,-3.747477e-05,0.00034722732,-0.0004470214,,,,,,,
2021-10-02 21:00:00,-1.2943887e-05,0.00036650736,-0.0003087794,,,,,,,
2021-10-03 00:00:00,1.8474322e-05,0.00037022834,-0.00018909371,,,,,,,
2021-10-03 03:00:00,3.1859345e-05,0.00037927358,-7.362742e-05,,,,,,,
2021-10-03 06:00:00,4.6563946e-05,0.00037849942,9.332904e-06,,,,,,,
2021-10-03 09:00:00,7.586046e-05,0.00035494112,0.000111434085,,,,,,,
2021-10-03 12:00:00,0.000111602785,0.00031561335,0.00020467826,0.0001623144,0.00020757043,-0.00010199116,5.4586115e-05,-1.776551e-05,0.00061832607,-0.46909285
2021-10-03 15:00:00,0.00015023789,0.00028465546,0.00022477834,,,,,,,
2021-10-03 18:00:00,0.00018617962,0.00026926544,0.00019483296,,,,,,,
2021-10-03 21:00:00,0.00022865558,0.00025591525,0.00021353658,,,,,,,
2021-10-04 00:00:00,0.00025662465,0.0002511405,0.00021109545,,,,,,,
2021-10-04 03:00:00,0.00027614256,0.00025085016,0.00020693082,,,,,,,
2021-10-04 06:00:00,0.00029623354,0.00025667058,0.0001702919,,,,,,,
2021-10-04 09:00:00,0.0003193781,0.00025846434,0.00019714495,,,,,,,
2021-10-04 12:00:00,0.0003333521,0.0002807719,0.00019249666,0.0001775908,0.00019819921,-0.00016389633,5.206625e-05,-2.670227e-05,0.00063200505,-0.47793263
2021-10-04 15:00:00,0.0003340016,0.00029909218,0.00015083679,,,,,,,
2021-10-04 18:00:00,0.00033081174,0.00033215265,0.000102964994,,,,,,,
2021-10-04 21:00:00,0.0003264523,0.00034934815,9.910085e-05,,,,,,,
2021-10-05 00:00:00,0.00032368876,0.00036807815,7.2528324e-05,,,,,,,
2021-10-05 03:00:00,0.00031453714,0.00038760604,7.459151e-05,,,,,,,
2021-10-05 06:00:00,0.00029880527,0.00040414723,-7.9315595e-07,,,,,,,
2021-10-05 09:00:00,0.00029906168,0.000398942,-3.07237e-05,,,,,,,
2021-10-05 12:00:00,0.0003072127,0.00039372907,-7.2268784e-05,0.00017018833,0.00018632077,-0.00023544946,4.9459657e-05,-3.819524e-05,0.0006580438,-0.48489514
2021-10-05 15:00:00,0.0003192172,0.00038194063,-0.00013739712,,,,,,,
2021-10-05 18:00:00,0.0003368928,0.00037009214,-0.00024686073,,,,,,,
2021-10-05 21:00:00,0.00036564653,0.00032704114,-0.00025148984,,,,,,,
2021-10-06 00:00:00,0.00038065767,0.00031802323,-0.00035612876,,,,,,,
2021-10-06 03:00:00,0.00038396387,0.00029996625,-0.00042923767,,,,,,,
2021-10-06 06:00:00,0.0003964185,0.00028124018,-0.00055747415,,,,,,,
2021-10-06 09:00:00,0.0003969481,0.00024844406,-0.00060891616,,,,,,,
2021-10-06 12:00:00,0.00038131597,0.00022737539,-0.00069506775,0.00017007343,0.0001367739,-0.0002887374,4.8375034e-05,-4.780007e-05,0.00068094814,-0.4930687
2021-10-06 15:00:00,0.00038890628,0.00020980375,-0.000798571,,,,,,,
2021-10-06 18:00:00,0.00038989424,0.00018354866,-0.0008572978,,,,,,,
2021-10-06 21:00:00,0.00038456274,0.00015583236,-0.0008347113,,,,,,,
2021-10-07 00:00:00,0.00038303295,0.00014675558,-0.0009006592,,,,,,,
2021-10-07 03:00:00,0.00037840655,0.00013647611,-0.00095412525,,,,,,,
2021-10-07 06:00:00,0.00038156367,0.00012019046,-0.000983718,,,,,,,
2021-10-07 09:00:00,0.00036670163,9.303251e-05,-0.00094739767,,,,,,,
2021-10-07 12:00:00,0.00034500338,7.9002886e-05,-0.0009716304,0.00017076921,0.00012244713,-0.00031853598,6.616842e-05,-4.060474e-05,0.0006321221,-0.4846788
2021-10-07 15:00:00,0.00034692776,5.7573186e-05,-0.0009728385,,,,,,,
2021-10-07 18:00:00,0.00034337887,2.884335e-05,-0.0009417165,,,,,,,
2021-10-07 21:00:00,0.0003512528,8.646194e-06,-0.00089566124,,,,,,,
2021-10-08 00:00:00,0.00036421235,1.05038325e-05,-0.0009767393,,,,,,,
2021-10-08 03:00:00,0.00038733787,2.1777105e-05,-0.0011033091,,,,,,,
2021-10-08 06:00:00,0.00042961843,5.220173e-05,-0.0012620661,,,,,,,
2021-10-08 09:00:00,0.00045516514,7.2307455e-05,-0.0013761185,,,,,,,
2021-10-08 12:00:00,0.00045159622,8.2398234e-05,-0.0014857578,0.00017444069,0.00013021124,-0.00028818037,7.570551e-05,-2.7951093e-05,0.00058247417,-0.47739115
2021-10-08 15:00:00,0.00044519355,6.649611e-05,-0.0014966083,,,,,,,
2021-10-08 18:00:00,0.00043981505,2.5210338e-05,-0.0014985973,,,,,,,
2021-10-08 21:00:00,0.00045490332,-9.875859e-06,-0.0014569277,,,,,,,
2021-10-09 00:00:00,0.0004650756,-3.620794e-05,-0.0014375582,,,,,,,
2021-10-09 03:00:00,0.0004731833,-6.625652e-05,-0.0014384609,,,,,,,
2021-10-09 06:00:00,0.00049255445,-0.00010619219,-0.0014001545,,,,,,,
2021-10-09 09:00:00,0.0005237691,-0.00014421494,-0.001347581,,,,,,,
2021-10-09 12:00:00,0.0005317553,-0.00016598674,-0.0013252449,0.00018681196,0.000110691544,-0.00012849492,7.3917596e-05,-2.7659233e-05,0.0005904262,-0.4795117
2021-10-09 15:00:00,0.00052881136,-0.00019046465,-0.0012562954,,,,,,,
2021-10-09 18:00:00,0.0005174239,-0.00020609418,-0.0012600274,,,,,,,
2021-10-09 21:00:00,0.00051959243,-0.00020084858,-0.0012654774,,,,,,,
2021-10-10 00:00:00,0.0005158034,-0.00016055693,-0.0013180122,,,,,,,
2021-10-10 03:00:00,0.0005209358,-0.000118519834,-0.0013736504,,,,,,,
2021-10-10 06:00:00,0.0005106665,-7.283331e-05,-0.0014194247,,,,,,,
2021-10-10 09:00:00,0.00051020883,-2.2289587e-05,-0.00146913,,,,,,,
2021-10-10 12:00:00,0.00050884095,2.1895037e-05,-0.0014585984,0.0001934223,0.00011965559,-6.2503634e-05,6.606657e-05,-3.1615018e-05,0.000609569,-0.4853747
2021-10-10 15:00:00,0.0005006322,5.5816392e-05,-0.001383287,,,,,,,
2021-10-10 18:00:00,0.00046058706,9.038775e-05,-0.0013807055,,,,,,,
2021-10-10 21:00:00,0.00044493392,0.00011977477,-0.0013474696,,,,,,,
2021-10-11 00:00:00,0.00040366274,0.00015250279,-0.0013088596,,,,,,,
2021-10-11 03:00:00,0.0003630691,0.0001698643,-0.0012480937,,,,,,,
2021-10-11 06:00:00,0.00032930647,0.00018471996,-0.0012168193,,,,,,,
2021-10-11 09:00:00,0.00030784955,0.00019732767,-0.0011748164,,,,,,,
2021-10-11 12:00:00,0.00027289905,0.00021222507,-0.0011050239,0.00017279567,0.00014411927,-5.147631e-05,5.5740486e-05,-3.6938363e-05,0.00063145417,-0.49166214
2021-10-11 15:00:00,0.00025892924,0.00022802236,-0.0010293962,,,,,,,
2021-10-11 18:00:00,0.00023802325,0.00024621945,-0.0009851161,,,,,,,
2021-10-11 21:00:00,0.00020351476,0.0002728757,-0.00091440894,,,,,,,
2021-10-12 00:00:00,0.00018206738,0.0002978572,-0.00086519,,,,,,,
2021-10-12 03:00:00,0.00016064757,0.00030500235,-0.0007674502,,,,,,,
2021-10-12 06:00:00,0.00014681584,0.00032890454,-0.0007278395,,,,,,,
2021-10-12 09:00:00,0.00013399645,0.00032528603,-0.00062908616,,,,,,,
2021-10-12 12:00:00,0.00011197885,0.00032139558,-0.0005433025,0.00016225202,0.00017993555,-5.8263355e-05,6.6261025e-05,-2.0828491e-05,0.0005665444,-0.47817788
2021-10-12 15:00:00,0.00011660118,0.00030055593,-0.0004219269,,,,,,,
2021-10-12 18:00:00,0.00013568306,0.00027082235,-0.0003295803,,,,,,,
2021-10-12 21:00:00,0.00015399515,0.0002586379,-0.000246009,,,,,,,
2021-10-13 00:00:00,0.00016166968,0.0002522308,-0.0001668626,,,,,,,
2021-10-13 03:00:00,0.00018310474,0.0002614107,-0.00018231805,,,,,,,
2021-10-13 06:00:00,0.00021157543,0.0002736638,-0.00022568401,,,,,,,
2021-10-13 09:00:00,0.00021721431,0.00028660367,-0.00028705664,,,,,,,
2021-10-13 12:00:00,0.00023240662,0.0002894415,-0.000290502,0.00017663813,0.00021644334,-0.00010940006,5.6620745e-05,-2.2073633e-05,0.00056018546,-0.4805357
2021-10-13 15:00:00,0.00026856034,0.00029883796,-0.00030852688,,,,,,,
2021-10-13 18:00:00,0.00028698947,0.000308238,-0.00032527826,,,,,,,
2021-10-13 21:00:00,0.00031622316,0.00031110045,-0.00027363858,,,,,,,
2021-10-14 00:00:00,0.00033661738,0.00032551453,-0.00027579707,,,,,,,
2021-10-14 03:00:00,0.0003631577,0.000331117,-0.0002890956,,,,,,,
2021-10-14 06:00:00,0.00037943566,0.00033784565,-0.00031179248,,,,,,,
2021-10-14 09:00:00,0.00036388348,0.0003388402,-0.00024274504,,,,,,,
2021-10-14 12:00:00,0.00033626796,0.0003402755,-0.00019286605,0.00018846418,0.0002330059,-0.00012082044,4.9735765e-05,-2.0960364e-05,0.00054198754,-0.4791083
2021-10-14 15:00:00,0.00027841178,0.0003417973,-0.00017772305,,,,,,,
2021-10-14 18:00:00,0.00022104563,0.0003383706,-0.00015002022,,,,,,,
2021-10-14 21:00:00,0.00016954709,0.00031878758,-3.229288e-05,,,,,,,
2021-10-15 00:00:00,0.000110165594,0.00031074238,7.231323e-05,,,,,,,
2021-10-15 03:00:00,7.2895244e-05,0.00030392784,0.00013987464,,,,,,,
2021-10-15 06:00:00,3.900754e-05,0.00030381637,0.00018129738,,,,,,,
2021-10-15 09:00:00,2.5544672e-05,0.0002906613,0.00020958835,,,,,,,
2021-10-15 12:00:00,1.5982174e-05,0.00028254982,0.00023754047,0.00015530208,0.00022597398,1.3090284e-06,4.553073e-05,-2.4787543e-05,0.0005487352,-0.48113716
2021-10-15 15:00:00,2.9387174e-06,0.00028304354,0.0002410917,,,,,,,
2021-10-15 18:00:00,-2.140704e-05,0.000284659,0.0002150756,,,,,,,
2021-10-15 21:00:00,-4.3905835e-05,0.00028131396,0.00021360691,,,,,,,
2021-10-16 00:00:00,-6.276682e-05,0.00027599573,0.00021987525,,,,,,,
2021-10-16 03:00:00,-7.303767e-05,0.0002661588,0.00022868859,,,,,,,
2021-10-16 06:00:00,-9.535605e-05,0.00025668603,0.00021585939,,,,,,,
2021-10-16 09:00:00,-9.506996e-05,0.00024791248,0.00017067199,,,,,,,
2021-10-16 12:00:00,-9.164497e-05,0.0002482297,0.00016469772,0.00012471373,0.0002058023,0.00010371561,3.9611143e-05,-2.8554976e-05,0.00056412566,-0.47996598
2021-10-16 15:00:00,-8.5846725e-05,0.00025098704,0.00013879273,,,,,,,
2021-10-16 18:00:00,-8.711028e-05,0.00025307247,7.247198e-05,,,,,,,
2021-10-16 21:00:00,-9.173706e-05,0.00024656137,9.06731e-05,,,,,,,
2021-10-17 00:00:00,-0.000101096804,0.00024881196,6.324927e-05,,,,,,,
2021-10-17 03:00:00,-9.796817e-05,0.00023993186,6.1108665e-05,,,,,,,
2021-10-17 06:00:00,-0.00010457109,0.00024093933,2.6436966e-05,,,,,,,
2021-10-17 09:00:00,-0.00010329753,0.0002210494,6.9493335e-06,,,,,,,
2021-10-17 12:00:00,-9.975034e-05,0.00020191305,-3.696997e-05,0.00011561054,0.00018790562,0.00012538795,5.4789267e-05,-7.5468997e-06,0.0004979973,-0.4615851
2021-10-17 15:00:00,-8.539338e-05,0.00016831043,-4.5065448e-05,,,,,,,
2021-10-17 18:00:00,-8.307132e-05,0.00013707441,-5.33961e-05,,,,,,,
2021-10-17 21:00:00,-7.406156e-05,9.6101176e-05,-4.57611e-05,,,,,,,
2021-10-18 00:00:00,-6.8919224e-05,5.908475e-05,-3.3420827e-05,,,,,,,
2021-10-18 03:00:00,-6.655519e-05,3.349026e-05,-3.6489197e-05,,,,,,,
2021-10-18 06:00:00,-3.8553466e-05,2.3920547e-05,-6.8840374e-05,,,,,,,
2021-10-18 09:00:00,-5.4205343e-06,2.6604926e-05,-0.000107323256,,,,,,,
2021-10-18 12:00:00,3.574539e-06,4.168539e-05,-0.00015874076,0.00013519962,0.0001715534,9.3651295e-05,7.69656e-05,1.4043711e-05,0.0004310049,-0.4383183
2021-10-18 15:00:00,2.4698422e-05,4.9994967e-05,-0.00016760366,,,,,,,
2021-10-18 18:00:00,2.2765404e-05,5.3761632e-05,-0.00016564355,,,,,,,
2021-10-18 21:00:00,2.8585479e-05,3.253218e-05,-0.00012719177,,,,,,,
2021-10-19 00:00:00,1.8537186e-05,3.0117611e-05,-9.775236e-05,,,,,,,
2021-10-19 03:00:00,2.1987782e-06,3.053524e-05,-8.999181e-05,,,,,,,
2021-10-19 06:00:00,-1.3441791e-05,4.693843e-05,-0.00010069338,,,,,,,
2021-10-19 09:00:00,-2.5354706e-05,4.4843422e-05,-3.3437213e-05,,,,,,,
2021-10-19 12:00:00,-4.5049197e-05,6.611537e-05,-6.371822e-05,0.00014186229,0.00014810554,1.45527465e-05,8.153481e-05,1.0196811e-05,0.00045057083,-0.43368265
2021-10-19 15:00:00,-7.698408e-05,7.999108e-05,-3.9238937e-05,,,,,,,
2021-10-19 18:00:00,-0.00010226271,9.34566e-05,-1.9649018e-05,,,,,,,
2021-10-19 21:00:00,-0.0001341517,8.808903e-05,5.5349137e-05,,,,,,,
2021-10-20 00:00:00,-0.00018974965,7.9967795e-05,0.00015289009,,,,,,,
2021-10-20 03:00:00,-0.00025236004,6.291168e-05,0.0002632718,,,,,,,
2021-10-20 06:00:00,-0.00031287444,5.7240664e-05,0.00035617978,,,,,,,
2021-10-20 09:00:00,-0.00037346673,2.8197239e-05,0.00048827747,,,,,,,
2021-10-20 12:00:00,-0.0004426024,1.536116e-05,0.0006152146,0.00011824621,0.00013884308,0.000113374204,8.87357e-05,4.166417e-06,0.00047101628,-0.4250322
2021-10-20 15:00:00,-0.0004998438,3.7469597e-06,0.0007751282,,,,,,,
2021-10-20 18:00:00,-0.0005590036,2.462312e-06,0.0009003876,,,,,,,
2021-10-20 21:00:00,-0.00060306664,-2.8412818e-05,0.0011138731,,,,,,,
2021-10-21 00:00:00,-0.0006447052,-5.3942378e-05,0.0012573452,,,,,,,
2021-10-21 03:00:00,-0.0006808595,-9.463159e-05,0.0013833179,,,,,,,
2021-10-21 06:00:00,-0.0007001693,-0.000110393834,0.0013896287,,,,,,,
2021-10-21 09:00:00,-0.0006904538,-0.00012427608,0.0013712001,,,,,,,
2021-10-21 12:00:00,-0.00068171293,-0.0001315227,0.0013551546,0.000100522855,0.00016440636,0.00034633174,9.257191e-05,-2.1187952e-06,0.0004988326,-0.42162114
2021-10-21 15:00:00,-0.00064738415,-0.00013182702,0.001318724,,,,,,,
2021-10-21 18:00:00,-0.0006255338,-0.00013703265,0.0012976943,,,,,,,
2021-10-21 21:00:00,-0.00060055533,-0.00016563998,0.0013589208,,,,,,,
2021-10-22 00:00:00,-0.00057470787,-0.00019804675,0.0014019671,,,,,,,
2021-10-22 03:00:00,-0.00051884307,-0.00022864825,0.001426962,,,,,,,
2021-10-22 06:00:00,-0.00046825103,-0.0002557407,0.0014666235,,,,,,,
2021-10-22 09:00:00,-0.00039729173,-0.00028649764,0.001473358,,,,,,,
2021-10-22 12:00:00,-0.000338846,-0.00030221028,0.0014370575,0.00013098575,0.00018257741,0.00039189818,0.000109248125,1.5554127e-05,0.0004436797,-0.4028663
2021-10-22 15:00:00,-0.00026677854,-0.00033165156,0.0014446918,,,,,,,
2021-10-22 18:00:00,-0.00020500124,-0.00037694615,0.0014870904,,,,,,,
2021-10-22 21:00:00,-0.00014914463,-0.00043444798,0.0015322876,,,,,,,
2021-10-23 00:00:00,-8.38819e-05,-0.00047514963,0.0015288295,,,,,,,
2021-10-23 03:00:00,-1.0728718e-06,-0.00048968056,0.0015025405,,,,,,,
2021-10-23 06:00:00,7.103576e-05,-0.0005014329,0.0014405911,,,,,,,
2021-10-23 09:00:00,0.00014359485,-0.00051600713,0.0013606945,,,,,,,
2021-10-23 12:00:00,0.00019813741,-0.00050811714,0.0012723433,0.00019815247,0.00017691885,0.00026548974,9.94923e-05,1.5653914e-05,0.00044094754,-0.40235823
2021-10-23 15:00:00,0.00025521658,-0.00051163824,0.0012007148,,,,,,,
2021-10-23 18:00:00,0.00029978954,-0.00052324333,0.0011502253,,,,,,,
2021-10-23 21:00:00,0.00033037315,-0.00054049626,0.0011133439,,,,,,,
2021-10-24 00:00:00,0.0003489911,-0.0005427446,0.0010611508,,,,,,,
2021-10-24 03:00:00,0.0003574524,-0.00054790755,0.0010160505,,,,,,,
2021-10-24 06:00:00,0.00035703325,-0.0005494654,0.0009854225,,,,,,,
2021-10-24 09:00:00,0.00037364571,-0.0005539313,0.0009665388,,,,,,,
2021-10-24 12:00:00,0.00037381894,-0.0005372366,0.0009262545,0.00020588803,0.00013080382,0.00017404114,8.698556e-05,1.3969253e-05,0.0004352189,-0.3940185
2021-10-24 15:00:00,0.00035850782,-0.00053036335,0.0008919706,,,,,,,
2021-10-24 18:00:00,0.00033461043,-0.0005321714,0.0008722526,,,,,,,
2021-10-24 21:00:00,0.00032088094,-0.00054439774,0.00084766716,,,,,,,
2021-10-25 00:00:00,0.00030847074,-0.0005416519,0.0007843111,,,,,,,
2021-10-25 03:00:00,0.0003071873,-0.000548279,0.00076054625,,,,,,,
2021-10-25 06:00:00,0.0002866543,-0.0005384927,0.0007443549,,,,,,,
2021-10-25 09:00:00,0.0002890924,-0.00054852583,0.00073280325,,,,,,,
2021-10-25 12:00:00,0.00026695905,-0.0005515196,0.00073026214,0.00017824335,9.845462e-05,0.00018587023,7.463747e-05,8.765117e-06,0.00046458858,-0.38753986
2021-10-25 15:00:00,0.0002585873,-0.0005586416,0.00072311825,,,,,,,
2021-10-25 18:00:00,0.00024529855,-0.0005721635,0.00075570855,,,,,,,
2021-10-25 21:00:00,0.00024174187,-0.00058155676,0.00079718727,,,,,,,
2021-10-26 00:00:00,0.00023023598,-0.00057820434,0.00086485484,,,,,,,
2021-10-26 03:00:00,0.00021100052,-0.0005860102,0.0008861167,,,,,,,
2021-10-26 06:00:00,0.00020303216,-0.0005962849,0.0009299578,,,,,,,
2021-10-26 09:00:00,0.00019242975,-0.0006284197,0.0010402796,,,,,,,
2021-10-26 12:00:00,0.00015431846,-0.00065449515,0.001151362,0.00017905344,0.000102103295,0.0002115866,7.813283e-05,8.9237e-06,0.00044990424,-0.3791218
2021-10-26 15:00:00,0.00014966917,-0.00069199136,0.0012825454,,,,,,,
2021-10-26 18:00:00,0.0001495424,-0.0006963686,0.0013789323,,,,,,,
2021-10-26 21:00:00,0.00015444001,-0.0006863598,0.0014676682,,,,,,,
2021-10-27 00:00:00,0.00014810156,-0.00067594484,0.0015342378,,,,,,,
2021-10-27 03:00:00,0.00014687267,-0.0006678447,0.0015435054,,,,,,,
2021-10-27 06:00:00,0.00014991961,-0.0006452633,0.0015259767,,,,,,,
2021-10-27 09:00:00,0.00013776432,-0.0006366674,0.0015411071,,,,,,,
2021-10-27 12:00:00,0.00012277397,-0.00062868703,0.0015581741,0.00018279937,0.00011480595,0.00022253797,8.430796e-05,1.6011567e-05,0.00042659545,-0.36824983
2021-10-27 15:00:00,0.00010311552,-0.00062264065,0.0016573936,,,,,,,
2021-10-27 18:00:00,7.09909e-05,-0.0006131462,0.0017165049,,,,,,,
2021-10-27 21:00:00,5.9561073e-05,-0.0006025491,0.0017994253,,,,,,,
2021-10-28 00:00:00,3.298299e-05,-0.00058862695,0.0019006664,,,,,,,
2021-10-28 03:00:00,3.019293e-05,-0.0005809008,0.0019506821,,,,,,,
2021-10-28 06:00:00,3.245993e-05,-0.0005625519,0.0019885844,,,,,,,
2021-10-28 09:00:00,3.4334396e-05,-0.000531563,0.0020345468,,,,,,,
2021-10-28 12:00:00,3.5139477e-05,-0.00050223863,0.0020709787,0.00015438162,0.00013728028,0.00024701195,9.041694e-05,1.949889e-05,0.0004059184,-0.35861677
2021-10-28 15:00:00,4.1792955e-05,-0.00047023478,0.00208914,,,,,,,
2021-10-28 18:00:00,3.5462028e-05,-0.0004462921,0.0021365606,,,,,,,
2021-10-28 21:00:00,4.0725456e-05,-0.00042874314,0.0022213964,,,,,,,
2021-10-29 00:00:00,4.8876303e-05,-0.00039672997,0.0022648233,,,,,,,
2021-10-29 03:00:00,7.6909724e-05,-0.00038063797,0.0023316513,,,,,,,
2021-10-29 06:00:00,8.888136e-05,-0.00035714827,0.002365015,,,,,,,
2021-10-29 09:00:00,0.00012335765,-0.00034352916,0.0024019075,,,,,,,
2021-10-29 12:00:00,0.00015577096,-0.00032754467,0.0024559735,0.00016574285,0.0001954811,0.0002459129,8.89473e-05,1.6649508e-05,0.00039310122,-0.35479692
2021-10-29 15:00:00,0.00017003874,-0.00030554822,0.0024477888,,,,,,,
2021-10-29 18:00:00,0.0001759686,-0.00026636114,0.0024031042,,,,,,,
2021-10-29 21:00:00,0.00019589301,-0.00022830965,0.0024133148,,,,,,,
2021-10-30 00:00:00,0.0002012846,-0.00019734737,0.002424012,,,,,,,
2021-10-30 03:00:00,0.0002053294,-0.00017481158,0.0024491556,,,,,,,
2021-10-30 06:00:00,0.00020396034,-0.00014420503,0.002425679,,,,,,,
2021-10-30 09:00:00,0.00021293071,-0.000121918354,0.0023948734,,,,,,,
2021-10-30 12:00:00,0.00022584702,-9.92375e-05,0.0023529886,0.00018223561,0.0002246507,0.00016931228,8.830783e-05,9.72869e-06,0.00038132104,-0.3510265
2021-10-30 15:00:00,0.00024138618,-9.9271856e-05,0.0023171194,,,,,,,
2021-10-30 18:00:00,0.00024734423,-7.582531e-05,0.0022205422,,,,,,,
2021-10-30 21:00:00,0.00025592252,-7.053523e-05,0.0021871969,,,,,,,
2021-10-31 00:00:00,0.00025940078,-6.9654656e-05,0.002179809,,,,,,,
2021-10-31 03:00:00,0.00023652769,-6.9736736e-05,0.0021984142,,,,,,,
2021-10-31 06:00:00,0.00019502644,-4.996646e-05,0.002149933,,,,,,,
2021-10-31 09:00:00,0.0001612096,-3.6537003e-05,0.002144568,,,,,,,
2021-10-31 12:00:00,0.000108407236,-2.5838237e-05,0.0021534374,0.00015750028,0.00019838064,0.00010650152,8.744321e-05,5.072354e-06,0.00036246388,-0.33734387
2021-10-31 15:00:00,6.8351634e-05,-1.5629792e-05,0.0021008023,,,,,,,
2021-10-31 18:00:00,2.0881993e-05,2.5859763e-05,0.001992919,,,,,,,
2021-10-31 21:00:00,-1.8102877e-05,4.869416e-05,0.00191226,,,,,,,
2021-11-01 00:00:00,-4.1028747e-05,6.5075816e-05,0.0018304337,,,,,,,
2021-11-01 03:00:00,-7.495123e-05,9.309514e-05,0.001793173,,,,,,,
2021-11-01 06:00:00,-9.3585644e-05,0.00013470628,0.0016458353,,,,,,,
2021-11-01 09:00:00,-9.8416545e-05,0.00014872884,0.0015796287,,,,,,,
2021-11-01 12:00:00,-0.00010187031,0.00017118808,0.0015099822,0.00012067777,0.00019215932,0.00010376056,8.7644206e-05,-2.4994442e-06,0.0003660652,-0.32898733
2021-11-01 15:00:00,-0.000109351735,0.00018229596,0.0014307457,,,,,,,
2021-11-01 18:00:00,-0.0001120371,0.00020145874,0.0013194672,,,,,,,
2021-11-01 21:00:00,-8.669322e-05,0.00019954675,0.0012408054,,,,,,,
2021-11-02 00:00:00,-8.288083e-05,0.0002035286,0.0011885631,,,,,,,
2021-11-02 03:00:00,-6.55237e-05,0.00019508389,0.0011789969,,,,,,,
2021-11-02 06:00:00,-2.8009508e-05,0.00020606605,0.0010889997,,,,,,,
2021-11-02 09:00:00,7.79097e-06,0.00020062976,0.0010779598,,,,,,,
2021-11-02 12:00:00,4.718333e-05,0.00019201872,0.001069305,0.00012218741,0.00017848161,0.00014078718,8.015272e-05,-9.5812575e-06,0.0003693363,-0.32426932
2021-11-02 15:00:00,8.931447e-05,0.00018832624,0.0010455941,,,,,,,
2021-11-02 18:00:00,0.00011847716,0.00018864237,0.0009978232,,,,,,,
2021-11-02 21:00:00,0.0001550139,0.00016377664,0.0009724343,,,,,,,
2021-11-03 00:00:00,0.000172394,0.00014311251,0.0009840757,,,,,,,
2021-11-03 03:00:00,0.00019366477,0.000114243594,0.0009800405,,,,,,,
2021-11-03 06:00:00,0.00020148476,9.3095055e-05,0.00098142,,,,,,,
2021-11-03 09:00:00,0.00021050987,4.317237e-05,0.0010185138,,,,,,,
2021-11-03 12:00:00,0.00021862105,7.9678166e-08,0.0010795163,0.00013863781,0.00016261,0.00012864445,7.809502e-05,-1.0345855e-05,0.0003569767,-0.31636333
2021-11-03 15:00:00,0.00020352613,-4.2136984e-05,0.0011374267,,,,,,,
2021-11-03 18:00:00,0.0001828016,-7.1186434e-05,0.0011468257,,,,,,,
2021-11-03 21:00:00,0.0001917267,-8.112909e-05,0.0011387815,,,,,,,
2021-11-04 00:00:00,0.00018572313,-6.7286805e-05,0.001048104,,,,,,,
2021-11-04 03:00:00,0.00019278891,-5.7360576e-05,0.0010116877,,,,,,,
2021-11-04 06:00:00,0.00019220561,-4.908828e-05,0.0009533057,,,,,,,
2021-11-04 09:00:00,0.00021396334,-5.5625384e-05,0.0008868584,,,,,,,
2021-11-04 12:00:00,0.00023998319,-6.554036e-05,0.000878935,0.0001519734,0.00015269578,2.5037407e-05,8.274353e-05,-9.654323e-06,0.00035296672,-0.31084365
2021-11-04 15:00:00,0.00026398903,-9.0126334e-05,0.0008452468,,,,,,,
2021-11-04 18:00:00,0.00027282297,-0.00011826013,0.0008063263,,,,,,,
2021-11-04 21:00:00,0.0002857591,-0.00015402827,0.00081579626,,,,,,,
2021-11-05 00:00:00,0.00028277,-0.00019107606,0.00080314366,,,,,,,
2021-11-05 03:00:00,0.0002832465,-0.00020671173,0.000767225,,,,,,,
2021-11-05 06:00:00,0.0002834076,-0.00021329109,0.0007404548,,,,,,,
2021-11-05 09:00:00,0.0002803595,-0.00021487461,0.00072621676,,,,,,,
2021-11-05 12:00:00,0.00027555428,-0.00021276006,0.0007244816,0.00015771511,0.00012287778,-1.3421122e-05,8.385283e-05,-1.2948414e-05,0.00036744567,-0.3116106
2021-11-05 15:00:00,0.00027033867,-0.00023204081,0.000769242,,,,,,,
2021-11-05 18:00:00,0.0002502611,-0.00026713166,0.0008347666,,,,,,,
2021-11-05 21:00:00,0.00022689323,-0.00032365712,0.0009458007,,,,,,,
2021-11-06 00:00:00,0.00019788418,-0.00038217456,0.0010920604,,,,,,,
2021-11-06 03:00:00,0.00016373691,-0.0004352965,0.0012651435,,,,,,,
2021-11-06 06:00:00,0.00012512213,-0.0004607767,0.0013519594,,,,,,,
2021-11-06 09:00:00,8.843987e-05,-0.00047008845,0.0013745235,,,,,,,
2021-11-06 12:00:00,5.4359632e-05,-0.00044663312,0.0013184769,0.0001381058,0.00012171259,6.78189e-05,0.00011921034,1.6610295e-05,0.0002856428,-0.2838287
2021-11-06 15:00:00,4.0274062e-05,-0.0004157128,0.0012016695,,,,,,,
2021-11-06 18:00:00,3.2376963e-06,-0.00037587297,0.0010849225,,,,,,,
2021-11-06 21:00:00,-2.0698242e-05,-0.00032669847,0.0009230147,,,,,,,
2021-11-07 00:00:00,-4.944364e-05,-0.00026948575,0.0007700797,,,,,,,
2021-11-07 03:00:00,-7.111693e-05,-0.00022129316,0.0006302939,,,,,,,
2021-11-07 06:00:00,-7.8892124e-05,-0.00017725388,0.0005027178,,,,,,,
2021-11-07 09:00:00,-8.87106e-05,-0.00015848929,0.00041757245,,,,,,,
2021-11-07 12:00:00,-0.00011539715,-0.00014968077,0.00037824176,0.00010486427,0.00014905243,0.00018025728,0.00012738844,2.4190558e-05,0.00028335158,-0.28200945
2021-11-07 15:00:00,-0.00012801703,-0.0001519085,0.000365012,,,,,,,
2021-11-07 18:00:00,-0.00013730318,-0.00018095468,0.00044009465,,,,,,,
2021-11-07 21:00:00,-0.00013414807,-0.00022720855,0.0005513113,,,,,,,
2021-11-08 00:00:00,-0.00015351045,-0.0003014632,0.0007775909,,,,,,,
2021-11-08 03:00:00,-0.0001452199,-0.00037311512,0.0009829346,,,,,,,
2021-11-08 06:00:00,-0.00012505302,-0.00042607888,0.0011753797,,,,,,,
2021-11-08 09:00:00,-9.106264e-05,-0.00045729917,0.0012931766,,,,,,,
2021-11-08 12:00:00,-7.140125e-05,-0.00048690825,0.001419736,0.000107243955,0.00015248898,0.00016319344,0.00015910354,4.8868962e-05,0.00020700418,-0.25799006
2021-11-08 15:00:00,-4.7790945e-05,-0.00052665966,0.0015867845,,,,,,,
2021-11-08 18:00:00,-2.9171053e-05,-0.0005605607,0.0016954399,,,,,,,
2021-11-08 21:00:00,-5.893524e-07,-0.00058272196,0.0018084308,,,,,,,
2021-11-09 00:00:00,1.5572561e-05,-0.0006077776,0.0019604343,,,,,,,
2021-11-09 03:00:00,3.602857e-05,-0.00061961834,0.0019978005,,,,,,,
2021-11-09 06:00:00,7.112037e-05,-0.0006284076,0.0020237213,,,,,,,
2021-11-09 09:00:00,0.00012052144,-0.0006288742,0.0020245262,,,,,,,
2021-11-09 12:00:00,0.00016562015,-0.00061168865,0.0019813082,0.00013071293,0.00013157997,3.8837603e-05,0.0001657863,5.2690695e-05,0.0002085614,-0.2509709
2021-11-09 15:00:00,0.00021548088,-0.0005906565,0.001896839,,,,,,,
2021-11-09 18:00:00,0.00024126112,-0.0005608071,0.0017846382,,,,,,,
2021-11-09 21:00:00,0.0002596098,-0.00052154704,0.0016691883,,,,,,,
2021-11-10 00:00:00,0.00027494953,-0.0004915563,0.0015957595,,,,,,,
2021-11-10 03:00:00,0.00027855093,-0.0004490998,0.0014878962,,,,,,,
2021-11-10 06:00:00,0.00025491658,-0.00040077092,0.0013440996,,,,,,,
2021-11-10 09:00:00,0.000245007,-0.0003579143,0.0011942959,,,,,,,
2021-11-10 12:00:00,0.00022160087,-0.00030776058,0.0010606095,0.00013347433,0.00012783853,-0.000110378314,0.00016798252,5.6628072e-05,0.00021622484,-0.25122404
2021-11-10 15:00:00,0.00020403539,-0.00025417283,0.00089616375,,,,,,,
2021-11-10 18:00:00,0.00018256811,-0.00019049237,0.0006977294,,,,,,,
2021-11-10 21:00:00,0.0001572937,-0.00014395587,0.00055825955,,,,,,,
2021-11-11 00:00:00,0.00011646956,-0.00010281582,0.00045790494,,,,,,,
2021-11-11 03:00:00,8.649082e-05,-7.821774e-05,0.00036634394,,,,,,,
2021-11-11 06:00:00,3.2309938e-05,-5.9808175e-05,0.0003131077,,,,,,,
2021-11-11 09:00:00,-1.7322627e-05,-3.611485e-05,0.0002462645,,,,,,,
2021-11-11 12:00:00,-6.5688044e-05,-3.135408e-05,0.0002199183,9.260317e-05,0.00012389084,-0.00018155818,0.00015913995,5.492319e-05,0.00024032852,-0.25314614
2021-11-11 15:00:00,-0.00010022173,-1.8440203e-05,0.00019517993,,,,,,,
2021-11-11 18:00:00,-0.00013670059,2.5138809e-06,0.00014075842,,,,,,,
2021-11-11 21:00:00,-0.00017472633,2.4791718e-05,6.0342118e-05,,,,,,,
2021-11-12 00:00:00,-0.00021380551,4.9402162e-05,-1.5608402e-05,,,,,,,
2021-11-12 03:00:00,-0.00021994361,6.1263265e-05,-7.902814e-05,,,,,,,
2021-11-12 06:00:00,-0.00024070228,8.482327e-05,-0.00016323675,,,,,,,
2021-11-12 09:00:00,-0.00024839304,9.710315e-05,-0.00019509342,,,,,,,
2021-11-12 12:00:00,-0.00023461162,9.646955e-05,-0.00021322521,8.432045e-05,0.00013995178,-9.3930634e-05,0.00014427092,4.9553753e-05,0.00026568942,-0.251661
2021-11-12 15:00:00,-0.00019749017,0.00010500254,-0.00026226812,,,,,,,
2021-11-12 18:00:00,-0.00015146699,0.0001066523,-0.00027642903,,,,,,,
2021-11-12 21:00:00,-9.2471804e-05,0.000101921076,-0.00027137742,,,,,,,
2021-11-13 00:00:00,-2.6171974e-05,8.917908e-05,-0.00024644152,,,,,,,
2021-11-13 03:00:00,5.1350795e-05,8.3771054e-05,-0.0002088492,,,,,,,
2021-11-13 06:00:00,0.000118971606,7.002367e-05,-0.0001587169,,,,,,,
2021-11-13 09:00:00,0.00017803043,3.6186197e-05,-6.6374625e-05,,,,,,,
2021-11-13 12:00:00,0.00023160795,-2.4065954e-05,0.00017789927,0.00012611964,0.00016137009,-3.9440427e-05,0.00016525522,7.346744e-05,0.00016929436,-0.21999379
2021-11-13 15:00:00,0.0002651982,-0.000101120255,0.00042246218,,,,,,,
2021-11-13 18:00:00,0.00031362404,-0.00015028121,0.0005949416,,,,,,,
2021-11-13 21:00:00,0.00037485073,-0.000210268,0.0008209952,,,,,,,
2021-11-14 00:00:00,0.0004250392,-0.0002875809,0.0010542492,,,,,,,
2021-11-14 03:00:00,0.0004780488,-0.00036257852,0.0012421916,,,,,,,
2021-11-14 06:00:00,0.0005426709,-0.00042548586,0.001393277,,,,,,,
2021-11-14 09:00:00,0.00061841786,-0.00045760514,0.0014588037,,,,,,,
2021-11-14 12:00:00,0.0006985152,-0.00046355306,0.0014551891,0.0001659709,0.00015828876,3.3830853e-05,0.00018004846,0.000101945225,7.8289304e-05,-0.18873458
2021-11-14 15:00:00,0.00075545174,-0.00047856808,0.001438454,,,,,,,
2021-11-14 18:00:00,0.00077062385,-0.00048213813,0.0014160734,,,,,,,
2021-11-14 21:00:00,0.0007752019,-0.00049513817,0.0013891638,,,,,,,
2021-11-15 00:00:00,0.0007498427,-0.000508767,0.0013574848,,,,,,,
2021-11-15 03:00:00,0.0007201938,-0.00050985435,0.0013106894,,,,,,,
2021-11-15 06:00:00,0.00066717464,-0.0005174381,0.001285124,,,,,,,
2021-11-15 09:00:00,0.00061508076,-0.0005520275,0.0013253883,,,,,,,
2021-11-15 12:00:00,0.00057219295,-0.0005758154,0.0014273815,0.00015398368,0.00014306571,4.788093e-06,0.00018449649,0.00010957124,5.719735e-05,-0.17671926
2021-11-15 15:00:00,0.00054066355,-0.000582818,0.0014330228,,,,,,,
2021-11-15 18:00:00,0.00049900403,-0.0005746405,0.0014006163,,,,,,,
2021-11-15 21:00:00,0.00047667758,-0.000568254,0.0013593548,,,,,,,
2021-11-16 00:00:00,0.00044912333,-0.00056365906,0.0013427748,,,,,,,
2021-11-16 03:00:00,0.00040869447,-0.0005436736,0.0012881547,,,,,,,
2021-11-16 06:00:00,0.00034823292,-0.0005072901,0.0012624818,,,,,,,
2021-11-16 09:00:00,0.00030366261,-0.00045841248,0.0011897603,,,,,,,
2021-11-16 12:00:00,0.0002570179,-0.0003898977,0.0011308803,0.0001355402,0.00016878004,6.808083e-05,0.00018173872,0.00011091766,6.523644e-05,-0.16911176
2021-11-16 15:00:00,0.00022203042,-0.00032273118,0.0010286877,,,,,,,
2021-11-16 18:00:00,0.00018807182,-0.00022725652,0.00085313036,,,,,,,
2021-11-16 21:00:00,0.00017632867,-0.00017485123,0.00071414304,,,,,,,
2021-11-17 00:00:00,0.000170697,-0.00012267382,0.0006244472,,,,,,,
2021-11-17 03:00:00,0.00017023394,-9.553223e-05,0.00056672073,,,,,,,
2021-11-17 06:00:00,0.00016954672,-7.907285e-05,0.0005705944,,,,,,,
2021-11-17 09:00:00,0.00019301927,-8.664801e-05,0.0005833629,,,,,,,
2021-11-17 12:00:00,0.0001979411,-0.000110748,0.0006179038,0.000121711084,0.00017420758,-5.250695e-06,0.00017349349,0.00010504002,9.1102294e-05,-0.17101273
2021-11-17 15:00:00,0.00019477826,-0.0001595822,0.0007001611,,,,,,,
2021-11-17 18:00:00,0.00018971358,-0.00020567574,0.00082019833,,,,,,,
2021-11-17 21:00:00,0.0001955148,-0.00026697473,0.0009518186,,,,,,,
2021-11-18 00:00:00,0.00019862114,-0.00028099684,0.0009821305,,,,,,,
2021-11-18 03:00:00,0.00020664216,-0.00029922192,0.0010229383,,,,,,,
2021-11-18 06:00:00,0.00020932176,-0.0003059418,0.0010665528,,,,,,,
2021-11-18 09:00:00,0.00021770142,-0.0003436395,0.0011812581,,,,,,,
2021-11-18 12:00:00,0.0002060008,-0.0003679703,0.0012634797,0.00012365016,0.00014112514,-5.4088916e-05,0.00017969173,0.0001098991,6.70063e-05,-0.15948524
2021-11-18 15:00:00,0.0001822379,-0.0004063113,0.0014222901,,,,,,,
2021-11-18 18:00:00,0.00017103934,-0.00042171802,0.00153417,,,,,,,
2021-11-18 21:00:00,0.00017951899,-0.0004099594,0.001536684,,,,,,,
2021-11-19 00:00:00,0.00017465388,-0.0003821498,0.0014984494,,,,,,,
2021-11-19 03:00:00,0.00016200815,-0.00034926427,0.0014450172,,,,,,,
2021-11-19 06:00:00,0.00012820167,-0.00031505834,0.0013877163,,,,,,,
2021-11-19 09:00:00,8.678148e-05,-0.00029398367,0.0013608357,,,,,,,
2021-11-19 12:00:00,4.045023e-05,-0.00026199906,0.0013196206,0.00011208818,0.00015173276,2.4984109e-05,0.00018492699,0.00011491181,3.9009698e-05,-0.14877537
2021-11-19 15:00:00,-7.854219e-06,-0.00023398077,0.0012750686,,,,,,,
2021-11-19 18:00:00,-6.4172986e-05,-0.00019625366,0.0012501769,,,,,,,
2021-11-19 21:00:00,-8.640789e-05,-0.00016026951,0.0011863387,,,,,,,
2021-11-20 00:00:00,-0.00012824156,-0.00010578561,0.0010804078,,,,,,,
2021-11-20 03:00:00,-0.00015723999,-4.04558e-05,0.000951829,,,,,,,
2021-11-20 06:00:00,-0.00017924153,3.8014397e-05,0.0008031426,,,,,,,
2021-11-20 09:00:00,-0.00018299476,0.000104825034,0.00065810984,,,,,,,
2021-11-20 12:00:00,-0.00018807252,0.00014762861,0.00059129944,8.203472e-05,0.00019719067,9.5881514e-05,0.00017424028,0.000111737725,4.119778e-05,-0.14230382
2021-11-20 15:00:00,-0.00021779857,0.0001633473,0.00055918185,,,,,,,
2021-11-20 18:00:00,-0.0002569399,0.0001773353,0.0005680554,,,,,,,
2021-11-20 21:00:00,-0.00029057826,0.00016220832,0.0005861454,,,,,,,
2021-11-21 00:00:00,-0.0003328396,0.00015311182,0.0006187961,,,,,,,
2021-11-21 03:00:00,-0.0003557173,0.0001390047,0.0006556806,,,,,,,
2021-11-21 06:00:00,-0.00038847703,0.0001089295,0.0007594947,,,,,,,
2021-11-21 09:00:00,-0.00039325404,9.129543e-05,0.0008100516,,,,,,,
2021-11-21 12:00:00,-0.00038112298,9.140934e-05,0.0008013827,7.213787e-05,0.0002151618,0.0001953516,0.00017827528,0.00012759375,1.4017365e-05,-0.12856048
2021-11-21 15:00:00,-0.00034626917,9.21132e-05,0.0007889583,,,,,,,
2021-11-21 18:00:00,-0.00029799188,8.123812e-05,0.0007844374,,,,,,,
2021-11-21 21:00:00,-0.00024712295,6.204373e-05,0.00073806086,,,,,,,
2021-11-22 00:00:00,-0.00020659722,3.786781e-05,0.0007078892,,,,,,,
2021-11-22 03:00:00,-0.00015361917,1.28489655e-05,0.0006914744,,,,,,,
2021-11-22 06:00:00,-0.00011272232,-2.231401e-05,0.0006626999,,,,,,,
2021-11-22 09:00:00,-9.1490736e-05,-7.980047e-05,0.00068099436,,,,,,,
2021-11-22 12:00:00,-8.2903556e-05,-0.00014309066,0.0007316644,0.000106742766,0.00017945211,0.00014970149,0.00019203169,0.00014965529,-4.2140804e-05,-0.10227791
2021-11-22 15:00:00,-6.877083e-05,-0.00019992283,0.0007520324,,,,,,,
2021-11-22 18:00:00,-4.3075193e-05,-0.00020443682,0.0006836677,,,,,,,
2021-11-22 21:00:00,3.5478834e-06,-0.00017923085,0.0005005615,,,,,,,
2021-11-23 00:00:00,3.101729e-05,-0.00016154112,0.00037367735,,,,,,,
2021-11-23 03:00:00,5.0788814e-05,-0.00014520716,0.00029325215,,,,,,,
2021-11-23 06:00:00,3.8323305e-05,-0.00012634201,0.00021223954,,,,,,,
2021-11-23 09:00:00,2.5112375e-05,-0.00010647461,8.457353e-05,,,,,,,
2021-11-23 12:00:00,6.672088e-06,-9.830042e-05,1.8727678e-05,0.00011967233,0.00013766991,2.4813668e-05,0.00019048256,0.00015260805,-6.382461e-05,-0.089402564
2021-11-23 15:00:00,-1.9282828e-05,-9.2649716e-05,-4.910057e-05,,,,,,,
2021-11-23 18:00:00,-3.8962342e-05,-6.774675e-05,-0.00013199453,,,,,,,
2021-11-23 21:00:00,-2.7298387e-05,-2.507244e-05,-0.00027023334,,,,,,,
2021-11-24 00:00:00,-1.938237e-05,3.2471195e-05,-0.00037942952,,,,,,,
2021-11-24 03:00:00,4.858953e-06,0.000106258296,-0.0005256392,,,,,,,
2021-11-24 06:00:00,2.2665927e-05,0.00017850044,-0.0006234256,,,,,,,
2021-11-24 09:00:00,2.6524103e-05,0.00022439414,-0.0006838268,,,,,,,
2021-11-24 12:00:00,-9.834151e-07,0.00023770133,-0.00064665626,9.562959e-05,0.00014779576,-2.3746657e-05,0.000179078,0.0001573456,-0.00010133762,-0.07366047
2021-11-24 15:00:00,-3.0739193e-05,0.00022074857,-0.0005398036,,,,,,,
2021-11-24 18:00:00,-7.248127e-05,0.00020280658,-0.00036875127,,,,,,,
2021-11-24 21:00:00,-0.00011981536,0.00014388066,-0.00016410346,,,,,,,
2021-11-25 00:00:00,-0.00018846935,8.1474e-05,7.304358e-05,,,,,,,
2021-11-25 03:00:00,-0.0002463526,2.642403e-05,0.0003536355,,,,,,,
2021-11-25 06:00:00,-0.00031215014,1.777243e-05,0.00048016355,,,,,,,
2021-11-25 09:00:00,-0.00035797514,9.696716e-06,0.00054114085,,,,,,,
2021-11-25 12:00:00,-0.00042284932,-6.66364e-06,0.00064957346,7.6854274e-05,0.00017210003,5.126238e-05,0.0001841167,0.0001669239,-0.00012024862,-0.05775909
2021-11-25 15:00:00,-0.00045844793,1.6184344e-05,0.00067670125,,,,,,,
2021-11-25 18:00:00,-0.00045398163,7.717495e-05,0.0006537107,,,,,,,
2021-11-25 21:00:00,-0.00042752293,0.00014610443,0.0006065901,,,,,,,
2021-11-26 00:00:00,-0.00041257657,0.00020675,0.00064991036,,,,,,,
2021-11-26 03:00:00,-0.00037679414,0.00025301732,0.000728542,,,,,,,
2021-11-26 06:00:00,-0.0003347335,0.00030507476,0.00077695795,,,,,,,
2021-11-26 09:00:00,-0.00029541264,0.00033840985,0.00086385314,,,,,,,
2021-11-26 12:00:00,-0.00025986755,0.0003592998,0.00097624114,0.000113467955,0.00020697252,0.00019345514,0.00017358863,0.00016057208,-0.0001263904,-0.045671538
2021-11-26 15:00:00,-0.00022289975,0.0003835433,0.0010687095,,,,,,,
2021-11-26 18:00:00,-0.00020017389,0.00039010632,0.0011938654,,,,,,,
2021-11-26 21:00:00,-0.00017891344,0.00039841508,0.0012416452,,,,,,,
2021-11-27 00:00:00,-0.00017397851,0.00038806212,0.0013534654,,,,,,,
2021-11-27 03:00:00,-0.00016286557,0.00038012592,0.001449781,,,,,,,
2021-11-27 06:00:00,-0.00014225276,0.0003796585,0.0014886403,,,,,,,
2021-11-27 09:00:00,-0.00012951365,0.00036528005,0.0015199806,,,,,,,
2021-11-27 12:00:00,-0.00010716536,0.0003390282,0.0015802394,0.0001447172,0.0002468928,0.00023804171,0.00016424147,0.00015579586,-0.00014304373,-0.031226985
2021-11-27 15:00:00,-8.3730134e-05,0.00031981253,0.0015671062,,,,,,,
2021-11-27 18:00:00,-5.4441414e-05,0.00031136695,0.0015436707,,,,,,,
2021-11-27 21:00:00,-1.9658384e-05,0.00028891055,0.0015394654,,,,,,,
2021-11-28 00:00:00,-3.442015e-06,0.00025512528,0.0016130857,,,,,,,
2021-11-28 03:00:00,2.6380367e-05,0.00022185844,0.0016694288,,,,,,,
2021-11-28 06:00:00,3.5401783e-05,0.00017994201,0.001713345,,,,,,,
2021-11-28 09:00:00,4.1253938e-05,0.00013337749,0.0017659946,,,,,,,
2021-11-28 12:00:00,4.9244765e-05,7.406892e-05,0.0018606235,0.00015287161,0.0002319674,0.00023773214,0.0001740156,0.00016969565,-0.00020719174,-0.0043501332
2021-11-28 15:00:00,4.658029e-05,2.1731394e-05,0.0019058147,,,,,,,
2021-11-28 18:00:00,3.0744926e-05,1.800337e-08,0.0019092582,,,,,,,
2021-11-28 21:00:00,3.2501648e-05,-2.3715143e-05,0.001877501,,,,,,,
2021-11-29 00:00:00,4.9892584e-05,-2.700278e-05,0.001802104,,,,,,,
2021-11-29 03:00:00,7.9192505e-05,-2.4938101e-05,0.0017275583,,,,,,,
2021-11-29 06:00:00,9.792619e-05,-2.2323573e-05,0.001639183,,,,,,,
2021-11-29 09:00:00,0.00011041491,-4.6319168e-05,0.0015549123,,,,,,,
2021-11-29 12:00:00,0.0001047622,-9.9891105e-05,0.001592699,0.00015120866,0.00019879347,0.00021223338,0.00018195076,0.00017778143,-0.00024177236,0.013056628
2021-11-29 15:00:00,7.888259e-05,-0.0001646195,0.0016125202,,,,,,,
2021-11-29 18:00:00,2.7382186e-05,-0.00023582883,0.0016445975,,,,,,,
2021-11-29 21:00:00,-2.969737e-05,-0.00030788503,0.0016780973,,,,,,,
2021-11-30 00:00:00,-8.1845166e-05,-0.00037417415,0.0017276017,,,,,,,
2021-11-30 03:00:00,-0.00013354702,-0.00043567628,0.0017947063,,,,,,,
2021-11-30 06:00:00,-0.00019522781,-0.00047117245,0.0017854164,,,,,,,
2021-11-30 09:00:00,-0.00024497547,-0.0005081648,0.0017998931,,,,,,,
2021-11-30 12:00:00,-0.0002794772,-0.0005081731,0.0017550889,0.00013297528,0.0001570503,0.0003792992,0.00019198142,0.00018343875,-0.0002663644,0.03482823
2021-11-30 15:00:00,-0.00030206304,-0.0004769606,0.0016670004,,,,,,,
2021-11-30 18:00:00,-0.0003372822,-0.00043157177,0.001539474,,,,,,,
2021-11-30 21:00:00,-0.00035041245,-0.0003981453,0.0013487325,,,,,,,
2021-12-01 00:00:00,-0.00034212257,-0.0003510469,0.0012416973,,,,,,,
2021-12-01 03:00:00,-0.0003058825,-0.00030739978,0.0011830374,,,,,,,
2021-12-01 06:00:00,-0.0002757192,-0.00027577678,0.001149096,,,,,,,
2021-12-01 09:00:00,-0.0002529516,-0.0002699549,0.0011581819,,,,,,,
2021-12-01 12:00:00,-0.00022052463,-0.00028234627,0.0012299595,0.00012249431,0.00016378672,0.0005471634,0.00018297296,0.00018512439,-0.00028556323,0.05558888
2021-12-01 15:00:00,-0.00017504327,-0.00031918913,0.0013697884,,,,,,,
2021-12-01 18:00:00,-0.00016038594,-0.00038236822,0.0015188608,,,,,,,
2021-12-01 21:00:00,-0.00013999183,-0.00046735082,0.0016760303,,,,,,,
2021-12-02 00:00:00,-0.00013860264,-0.00056029676,0.0019115929,,,,,,,
2021-12-02 03:00:00,-0.00014415369,-0.00067045155,0.002146114,,,,,,,
2021-12-02 06:00:00,-0.00016385049,-0.00074664975,0.0023281043,,,,,,,
2021-12-02 09:00:00,-0.00017235262,-0.0007886659,0.002377803,,,,,,,
2021-12-02 12:00:00,-0.00018753785,-0.0008180721,0.002443325,0.00012014629,0.00016363243,0.00071748876,0.00019513344,0.00019862954,-0.00033644005,0.082589835
2021-12-02 15:00:00,-0.00017972388,-0.0008482528,0.0025155619,,,,,,,
2021-12-02 18:00:00,-0.00018322835,-0.00086293166,0.0025810362,,,,,,,
2021-12-02 21:00:00,-0.00019177272,-0.0008778824,0.0026366273,,,,,,,
2021-12-03 00:00:00,-0.00018803091,-0.00086151995,0.002669061,,,,,,,
2021-12-03 03:00:00,-0.00015254185,-0.0008254734,0.0026329383,,,,,,,
2021-12-03 06:00:00,-0.0001427715,-0.0007798967,0.00260894,,,,,,,
2021-12-03 09:00:00,-0.00011711631,-0.0007547825,0.0025874928,,,,,,,
2021-12-03 12:00:00,-0.000109710774,-0.00070725364,0.0025828695,0.0001285976,0.00016712798,0.00048311445,0.00019287525,0.00019287835,-0.00033165232,0.09044166
2021-12-03 15:00:00,-8.97385e-05,-0.0006393184,0.0025168257,,,,,,,
2021-12-03 18:00:00,-7.7351804e-05,-0.00056887226,0.002444699,,,,,,,
2021-12-03 21:00:00,-5.0938786e-05,-0.0004942212,0.0023353514,,,,,,,
2021-12-04 00:00:00,-3.4421053e-05,-0.00041617497,0.002272935,,,,,,,
2021-12-04 03:00:00,2.294791e-06,-0.0003400027,0.0021516283,,,,,,,
2021-12-04 06:00:00,3.4198634e-05,-0.000276191,0.001982816,,,,,,,
2021-12-04 09:00:00,8.8371926e-05,-0.00024427424,0.0019008301,,,,,,,
2021-12-04 12:00:00,0.00014248697,-0.0002198221,0.0018434672,0.00013088252,0.0001500411,0.00021288039,0.00018839363,0.00018418573,-0.00033090703,0.104485616
2021-12-04 15:00:00,0.00020820065,-0.00020920153,0.0017470318,,,,,,,
2021-12-04 18:00:00,0.00026071127,-0.00021449785,0.0016923408,,,,,,,
2021-12-04 21:00:00,0.0003089232,-0.0002359602,0.001662875,,,,,,,
2021-12-05 00:00:00,0.00034985403,-0.0002694329,0.0016863224,,,,,,,
2021-12-05 03:00:00,0.0003737423,-0.00031717072,0.0017407227,,,,,,,
2021-12-05 06:00:00,0.00038057336,-0.00038557526,0.0018284457,,,,,,,
2021-12-05 09:00:00,0.00039003213,-0.00047566928,0.0019469222,,,,,,,
2021-12-05 12:00:00,0.0003789316,-0.00056314643,0.0021383534,0.00013301152,0.000121094374,0.00017624197,0.00019386728,0.00020464828,-0.00040845404,0.14012669
2021-12-05 15:00:00,0.00037368198,-0.0006504987,0.0023017363,,,,,,,
2021-12-05 18:00:00,0.00035449362,-0.0007095236,0.0023733643,,,,,,,
2021-12-05 21:00:00,0.00035140035,-0.00074325607,0.0023912229,,,,,,,
2021-12-06 00:00:00,0.00035195448,-0.0007606968,0.0024027522,,,,,,,
2021-12-06 03:00:00,0.00035688007,-0.00076613744,0.0024002043,,,,,,,
2021-12-06 06:00:00,0.00036400894,-0.0007552977,0.0023591043,,,,,,,
2021-12-06 09:00:00,0.00037346772,-0.0007544831,0.0023397773,,,,,,,
2021-12-06 12:00:00,0.00038580017,-0.00073428557,0.0023721308,0.00014454337,0.00011259601,0.000109465924,0.00018584004,0.00020712397,-0.0004096731,0.1616947
2021-12-06 15:00:00,0.00040593444,-0.00072121294,0.0024024826,,,,,,,
2021-12-06 18:00:00,0.00040761693,-0.0007008428,0.0024220059,,,,,,,
2021-12-06 21:00:00,0.00043182744,-0.00069090514,0.002455993,,,,,,,
2021-12-07 00:00:00,0.00046357594,-0.0006604475,0.0024705129,,,,,,,
2021-12-07 03:00:00,0.000504703,-0.00060950185,0.0024319268,,,,,,,
2021-12-07 06:00:00,0.00051545654,-0.0005558453,0.0024245847,,,,,,,
2021-12-07 09:00:00,0.00051065703,-0.0005011446,0.0024393506,,,,,,,
2021-12-07 12:00:00,0.0005159595,-0.00044128342,0.0024623924,0.0001908388,0.00013332581,6.8538364e-05,0.00018566714,0.0002027338,-0.00041771703,0.18198064
2021-12-07 15:00:00,0.00051470165,-0.00039132647,0.0024681815,,,,,,,
2021-12-07 18:00:00,0.0004905961,-0.00034318643,0.0024659506,,,,,,,
2021-12-07 21:00:00,0.00048757152,-0.00032465128,0.0024536573,,,,,,,
2021-12-08 00:00:00,0.0005113105,-0.0003153196,0.002470443,,,,,,,
2021-12-08 03:00:00,0.00054606725,-0.00032649876,0.0024719448,,,,,,,
2021-12-08 06:00:00,0.0005671662,-0.00034411132,0.0024158328,,,,,,,
2021-12-08 09:00:00,0.0005846106,-0.00037561322,0.0023928194,,,,,,,
2021-12-08 12:00:00,0.00059270737,-0.00040143423,0.0023871462,0.0002074428,0.0001350722,0.00011428788,0.00018223893,0.00020079667,-0.00042494692,0.19447601
2021-12-08 15:00:00,0.0006189136,-0.00044079937,0.002375024,,,,,,,
2021-12-08 18:00:00,0.0006119539,-0.0004842452,0.0023889109,,,,,,,
2021-12-08 21:00:00,0.00061182963,-0.0005243899,0.0023807297,,,,,,,
2021-12-09 00:00:00,0.00061054167,-0.00055334345,0.0024270534,,,,,,,
2021-12-09 03:00:00,0.0006006864,-0.000563977,0.0024569992,,,,,,,
2021-12-09 06:00:00,0.00057907,-0.0005707577,0.0024596937,,,,,,,
2021-12-09 09:00:00,0.00055163214,-0.00057166576,0.0024840406,,,,,,,
2021-12-09 12:00:00,0.00052982284,-0.00053805864,0.0024656306,0.00021189975,0.0001440532,4.7038964e-05,0.0001910622,0.0002006983,-0.00044874588,0.20964196
2021-12-09 15:00:00,0.0005125898,-0.0004888767,0.002415688,,,,,,,
2021-12-09 18:00:00,0.00048102846,-0.00043643868,0.0023614722,,,,,,,
2021-12-09 21:00:00,0.00045915332,-0.0003926067,0.0023016287,,,,,,,
2021-12-10 00:00:00,0.00043909397,-0.00032462817,0.0022500819,,,,,,,
2021-12-10 03:00:00,0.0004413922,-0.00026706487,0.0021712324,,,,,,,
2021-12-10 06:00:00,0.0004476398,-0.00021752735,0.0020688525,,,,,,,
2021-12-10 09:00:00,0.00047590613,-0.00017906271,0.0019667316,,,,,,,
2021-12-10 12:00:00,0.00050680334,-0.00014689103,0.0019304702,0.00020746118,0.00018968542,-5.902073e-05,0.00018981368,0.0001945454,-0.00043969735,0.21871935
2021-12-10 15:00:00,0.0005495409,-0.00014104623,0.0019250347,,,,,,,
2021-12-10 18:00:00,0.0005879411,-0.0001503497,0.001927236,,,,,,,
2021-12-10 21:00:00,0.00062000286,-0.0001729363,0.0019294644,,,,,,,
2021-12-11 00:00:00,0.00064435165,-0.00021962098,0.0020248354,,,,,,,
2021-12-11 03:00:00,0.00067952846,-0.0002839746,0.00214844,,,,,,,
2021-12-11 06:00:00,0.00069748814,-0.00035684207,0.0022863355,,,,,,,
2021-12-11 09:00:00,0.0007413316,-0.00041915578,0.002350519,,,,,,,
2021-12-11 12:00:00,0.000802784,-0.00045575597,0.0024048374,0.00023899498,0.00021913012,-6.282767e-05,0.00020767662,0.00020797194,-0.0005004739,0.25657755
2021-12-11 15:00:00,0.0008723249,-0.00049245753,0.0024212725,,,,,,,
2021-12-11 18:00:00,0.0009193222,-0.0005210903,0.0024600767,,,,,,,
2021-12-11 21:00:00,0.0009725876,-0.00053655275,0.002409903,,,,,,,
2021-12-12 00:00:00,0.0010153481,-0.00054153753,0.002352428,,,,,,,
2021-12-12 03:00:00,0.001066149,-0.0005283988,0.0022570314,,,,,,,
2021-12-12 06:00:00,0.0010943138,-0.0005062976,0.0021567112,,,,,,,
2021-12-12 09:00:00,0.0011007673,-0.0004851242,0.002041193,,,,,,,
2021-12-12 12:00:00,0.0011150538,-0.00044936448,0.00192168,0.00025588402,0.00018250564,-0.00013945863,0.00021543696,0.00021792979,-0.0005474873,0.28236863
2021-12-12 15:00:00,0.0011213964,-0.00041769235,0.0018404694,,,,,,,
2021-12-12 18:00:00,0.0010902765,-0.0003960969,0.001781703,,,,,,,
2021-12-12 21:00:00,0.0010635664,-0.00037987827,0.0016729628,,,,,,,
2021-12-13 00:00:00,0.0010328455,-0.00036837484,0.0016117136,,,,,,,
2021-12-13 03:00:00,0.00101349,-0.00037756996,0.0015599356,,,,,,,
2021-12-13 06:00:00,0.0009843908,-0.0003926238,0.0015545093,,,,,,,
2021-12-13 09:00:00,0.0009561536,-0.0004190611,0.0015554263,,,,,,,
2021-12-13 12:00:00,0.0009218595,-0.00044220604,0.0015714942,0.00020370456,0.00012379345,-0.00026304057,0.00021404255,0.00021762037,-0.0005488886,0.28878713
2021-12-13 15:00:00,0.00089841016,-0.00048247937,0.0015910714,,,,,,,
2021-12-13 18:00:00,0.0008504103,-0.0005224646,0.0016268163,,,,,,,
2021-12-13 21:00:00,0.00079299917,-0.0005857339,0.0016880122,,,,,,,
2021-12-14 00:00:00,0.0007153978,-0.0006743414,0.001806992,,,,,,,
2021-12-14 03:00:00,0.00062799733,-0.00076816685,0.0019196469,,,,,,,
2021-12-14 06:00:00,0.0005574822,-0.00080888614,0.0019742465,,,,,,,
2021-12-14 09:00:00,0.0005244329,-0.0008211396,0.0019242403,,,,,,,
2021-12-14 12:00:00,0.0004927063,-0.0008115675,0.0018352071,0.00015811478,8.551751e-05,-0.00023312625,0.00022953135,0.00023009873,-0.00058948767,0.30599052
2021-12-14 15:00:00,0.0004719656,-0.00080605433,0.0017567642,,,,,,,
2021-12-14 18:00:00,0.0004424332,-0.0007942697,0.0017266155,,,,,,,
2021-12-14 21:00:00,0.00043511964,-0.0007798824,0.0016225823,,,,,,,
2021-12-15 00:00:00,0.0004302438,-0.0007686338,0.0015606654,,,,,,,
2021-12-15 03:00:00,0.0004175951,-0.0007473736,0.0015036154,,,,,,,
2021-12-15 06:00:00,0.00040165518,-0.0007210769,0.0014166579,,,,,,,
2021-12-15 09:00:00,0.00039128904,-0.00070592004,0.0013123025,,,,,,,
2021-12-15 12:00:00,0.00039620203,-0.00067164784,0.0012096815,0.00015944037,9.07147e-05,-0.00027021483,0.00024010928,0.00023765542,-0.0006031899,0.3181636
2021-12-15 15:00:00,0.00041565602,-0.0006263918,0.0010663561,,,,,,,
2021-12-15 18:00:00,0.0004278248,-0.00056250294,0.00093829277,,,,,,,
2021-12-15 21:00:00,0.00045819636,-0.0005067458,0.0007981006,,,,,,,
2021-12-16 00:00:00,0.0005074563,-0.00044846788,0.00064739876,,,,,,,
2021-12-16 03:00:00,0.00054790324,-0.00043905873,0.0006193601,,,,,,,
2021-12-16 06:00:00,0.00056566665,-0.00046914138,0.0006893097,,,,,,,
2021-12-16 09:00:00,0.0005977959,-0.0005243038,0.0007917196,,,,,,,
2021-12-16 12:00:00,0.0006567385,-0.0005545773,0.00086719304,0.00019138148,9.743154e-05,-0.00021235629,0.00025570468,0.00026213337,-0.0006518195,0.35300717
2021-12-16 15:00:00,0.000705157,-0.0005805091,0.0009130358,,,,,,,
2021-12-16 18:00:00,0.0007509141,-0.00057395303,0.0009178605,,,,,,,
2021-12-16 21:00:00,0.0007967114,-0.00056703435,0.0008277799,,,,,,,
2021-12-17 00:00:00,0.00083054835,-0.00053024123,0.00072191114,,,,,,,
2021-12-17 03:00:00,0.000846693,-0.00045843565,0.00050775625,,,,,,,
2021-12-17 06:00:00,0.0008386177,-0.00039980176,0.00034324155,,,,,,,
2021-12-17 09:00:00,0.00080288935,-0.00035279922,0.00017596911,,,,,,,
2021-12-17 12:00:00,0.0007509056,-0.0002909594,1.5136875e-08,0.00018308865,7.233418e-05,-0.0002723065,0.00025585902,0.00026439124,-0.00064494176,0.36770695
2021-12-17 15:00:00,0.00070315984,-0.00023024034,-0.00014194619,,,,,,,
2021-12-17 18:00:00,0.0006354522,-0.0001704225,-0.00026609813,,,,,,,
2021-12-17 21:00:00,0.00057675416,-0.000120225275,-0.00045009423,,,,,,,
2021-12-18 00:00:00,0.0005197591,-5.352957e-05,-0.0006236788,,,,,,,
2021-12-18 03:00:00,0.00047447952,6.781336e-06,-0.00079440215,,,,,,,
2021-12-18 06:00:00,0.00042919986,5.5602697e-05,-0.0009690508,,,,,,,
2021-12-18 09:00:00,0.00038965678,9.0161295e-05,-0.0011461597,,,,,,,
2021-12-18 12:00:00,0.00034394956,0.00012140483,-0.0012465144,0.00012941622,5.941919e-05,-0.00046372274,0.00025011358,0.00026484497,-0.0006304423,0.38385475
2021-12-18 15:00:00,0.00031243986,0.00012829798,-0.0012569976,,,,,,,
2021-12-18 18:00:00,0.00027928705,0.00012402942,-0.0012552977,,,,,,,
2021-12-18 21:00:00,0.00024083345,0.00011517298,-0.0012768239,,,,,,,
2021-12-19 00:00:00,0.00018751065,0.000116312054,-0.0013045714,,,,,,,
2021-12-19 03:00:00,0.00014165347,0.00011130738,-0.0013022386,,,,,,,
2021-12-19 06:00:00,9.023873e-05,0.00011897506,-0.001308521,,,,,,,
2021-12-19 09:00:00,4.239432e-05,0.00013528942,-0.0013858991,,,,,,,
2021-12-19 12:00:00,-1.8948423e-06,0.00016886111,-0.001432132,0.000107582986,7.432119e-05,-0.00035509118,0.0002437839,0.0002650254,-0.00060644816,0.39340538
2021-12-19 15:00:00,-2.2024016e-05,0.00020742464,-0.0014469434,,,,,,,
2021-12-19 18:00:00,-2.9102732e-05,0.0002493431,-0.0014352814,,,,,,,
2021-12-19 21:00:00,-1.5578315e-05,0.00027685537,-0.0014473217,,,,,,,
2021-12-20 00:00:00,-8.375554e-07,0.00031457323,-0.00143034,,,,,,,
2021-12-20 03:00:00,3.889101e-05,0.0003332556,-0.0013851111,,,,,,,
2021-12-20 06:00:00,8.360829e-05,0.0003470045,-0.0013508394,,,,,,,
2021-12-20 09:00:00,0.00013607381,0.00035106824,-0.0012965292,,,,,,,
2021-12-20 12:00:00,0.00017617898,0.000362785,-0.001217758,0.00012283577,9.995847e-05,-0.0004580575,0.00023580396,0.00026000311,-0.00056958327,0.39780426
2021-12-20 15:00:00,0.00023094949,0.00036477533,-0.0011482636,,,,,,,
2021-12-20 18:00:00,0.00027035543,0.00036097917,-0.0010140898,,,,,,,
2021-12-20 21:00:00,0.00032049505,0.00034905603,-0.000931639,,,,,,,
2021-12-21 00:00:00,0.00035808265,0.00035063323,-0.00084748043,,,,,,,
2021-12-21 03:00:00,0.00040872415,0.00035830197,-0.00075904455,,,,,,,
2021-12-21 06:00:00,0.00044475993,0.00036340492,-0.00068417354,,,,,,,
2021-12-21 09:00:00,0.00048087878,0.00036963928,-0.0006024359,,,,,,,
2021-12-21 12:00:00,0.00050743594,0.00039014604,-0.0005054535,0.00016199706,0.00013969278,-0.00045480696,0.00022425826,0.0002516081,-0.0005414868,0.4004034
2021-12-21 15:00:00,0.00052553107,0.00039940432,-0.00043414728,,,,,,,
2021-12-21 18:00:00,0.00053310103,0.0003995615,-0.00037637446,,,,,,,
2021-12-21 21:00:00,0.0005411134,0.00041147167,-0.00038736456,,,,,,,
2021-12-22 00:00:00,0.00053418893,0.00041519647,-0.00040493062,,,,,,,
2021-12-22 03:00:00,0.00052408886,0.00040917614,-0.00042417872,,,,,,,
2021-12-22 06:00:00,0.000502438,0.00040073605,-0.00043727073,,,,,,,
2021-12-22 09:00:00,0.00047926503,0.00038428025,-0.00043774873,,,,,,,
2021-12-22 12:00:00,0.00043362268,0.00037585542,-0.0004204612,0.00015245052,0.00015248085,-0.00044511046,0.00021587132,0.00024396951,-0.0005080217,0.4044561
2021-12-22 15:00:00,0.00039168497,0.00036314953,-0.0003869545,,,,,,,
2021-12-22 18:00:00,0.00035045526,0.00035740648,-0.00030349474,,,,,,,
2021-12-22 21:00:00,0.00030479496,0.00036278844,-0.00020391907,,,,,,,
2021-12-23 00:00:00,0.00026137367,0.00035768794,-0.00011160584,,,,,,,
2021-12-23 03:00:00,0.00022324202,0.0003570507,-3.277891e-05,,,,,,,
2021-12-23 06:00:00,0.00019051383,0.00035279317,0.000107153915,,,,,,,
2021-12-23 09:00:00,0.00016489571,0.00033934324,0.0002562621,,,,,,,
2021-12-23 12:00:00,0.00013499144,0.00034236105,0.00038245137,0.00013593849,0.00016727792,-0.00029177213,0.00020813225,0.00023368429,-0.00047258797,0.41185653
2021-12-23 15:00:00,0.00011693079,0.00034808033,0.0004896641,,,,,,,
2021-12-23 18:00:00,9.637034e-05,0.00035135273,0.0006307308,,,,,,,
2021-12-23 21:00:00,9.871757e-05,0.0003571125,0.0007123469,,,,,,,
2021-12-24 00:00:00,9.112497e-05,0.00037017526,0.0008098761,,,,,,,
2021-12-24 03:00:00,8.949847e-05,0.00039426808,0.000862467,,,,,,,
2021-12-24 06:00:00,8.00184e-05,0.0004036306,0.00095099816,,,,,,,
2021-12-24 09:00:00,6.15649e-05,0.00041763025,0.0010482209,,,,,,,
2021-12-24 12:00:00,3.714055e-05,0.00043646773,0.0011378719,0.00015669866,0.00022268383,-0.00012152178,0.0002029657,0.00022617046,-0.00044892714,0.42246678
2021-12-24 15:00:00,3.6542373e-05,0.00044957866,0.0011791248,,,,,,,
2021-12-24 18:00:00,3.5364657e-05,0.00045790718,0.0012491746,,,,,,,
2021-12-24 21:00:00,4.1439976e-05,0.0004651567,0.0012825028,,,,,,,
2021-12-25 00:00:00,3.8536047e-05,0.00047803854,0.0013039104,,,,,,,
2021-12-25 03:00:00,5.872192e-05,0.0004951057,0.0012463238,,,,,,,
2021-12-25 06:00:00,7.094998e-05,0.00048964424,0.001257906,,,,,,,
2021-12-25 09:00:00,7.4765136e-05,0.0004870236,0.0012895593,,,,,,,
2021-12-25 12:00:00,6.508296e-05,0.0004831092,0.0012973185,0.00016403655,0.00023298917,-0.00011614703,0.00020395702,0.0002195082,-0.00042580912,0.4350953
2021-12-25 15:00:00,5.6142748e-05,0.00047500592,0.0012519193,,,,,,,
2021-12-25 18:00:00,3.93903e-05,0.00045352158,0.0012851784,,,,,,,
2021-12-25 21:00:00,2.4674015e-05,0.00043617698,0.001325606,,,,,,,
2021-12-26 00:00:00,6.70016e-06,0.00041515415,0.0013680104,,,,,,,
2021-12-26 03:00:00,-9.7303055e-06,0.00039107155,0.0013389343,,,,,,,
2021-12-26 06:00:00,-1.7783557e-05,0.00035769102,0.0013608045,,,,,,,
2021-12-26 09:00:00,-2.0037798e-05,0.00032529392,0.0013865139,,,,,,,
2021-12-26 12:00:00,-2.7102255e-05,0.00028972395,0.0014374533,0.00014935542,0.00019752278,-0.00021928755,0.00021206071,0.00022030361,-0.00041245486,0.44577223
2021-12-26 15:00:00,-3.0123263e-05,0.0002619759,0.0014276985,,,,,,,
2021-12-26 18:00:00,-3.7259528e-05,0.00023482919,0.0014497268,,,,,,,
2021-12-26 21:00:00,-1.994506e-05,0.00021868898,0.0014706296,,,,,,,
2021-12-27 00:00:00,-1.6723807e-05,0.00019946066,0.0015291648,,,,,,,
2021-12-27 03:00:00,-6.272529e-06,0.0001921387,0.0014939007,,,,,,,
2021-12-27 06:00:00,1.706708e-05,0.0001746849,0.0014992079,,,,,,,
2021-12-27 09:00:00,4.9059254e-05,0.00016167214,0.0015138099,,,,,,,
2021-12-27 12:00:00,8.819646e-05,0.00014295716,0.0015183289,0.00015717406,0.00017774518,-0.0002647006,0.00021331292,0.00021506623,-0.00038926798,0.45281112
2021-12-27 15:00:00,0.000114496295,0.0001299974,0.0014919351,,,,,,,
2021-12-27 18:00:00,0.00014779578,0.00013025412,0.0014539943,,,,,,,
2021-12-27 21:00:00,0.000177503,0.00012672388,0.0014366396,,,,,,,
2021-12-28 00:00:00,0.00019148261,0.00013074516,0.0014010983,,,,,,,
2021-12-28 03:00:00,0.00019491345,0.000138283,0.0013726699,,,,,,,
2021-12-28 06:00:00,0.00017910602,0.00012408869,0.0013741123,,,,,,,
2021-12-28 09:00:00,0.00017140327,0.00010460321,0.0013560873,,,,,,,
2021-12-28 12:00:00,0.00016183866,9.5071395e-05,0.001331614,0.00016786516,0.0001609876,-0.00023889911,0.00022343398,0.00021887824,-0.00039598587,0.46624267
2021-12-28 15:00:00,0.00013304292,7.5938864e-05,0.0013159652,,,,,,,
2021-12-28 18:00:00,0.000112469796,4.3247703e-05,0.001339202,,,,,,,
2021-12-28 21:00:00,9.883584e-05,2.5808402e-05,0.0013309353,,,,,,,
2021-12-29 00:00:00,0.00010188272,1.9234152e-05,0.0013103546,,,,,,,
2021-12-29 03:00:00,0.000113740505,8.990349e-06,0.0013044088,,,,,,,
2021-12-29 06:00:00,0.00011119611,-1.1720917e-05,0.0013724407,,,,,,,
2021-12-29 09:00:00,0.00011027649,-2.9363764e-05,0.0014283381,,,,,,,
2021-12-29 12:00:00,0.00011840197,-3.6647765e-05,0.0013909638,0.00015498306,0.00014255878,-0.0002566076,0.00023005017,0.00021675331,-0.00039386272,0.47857967
2021-12-29 15:00:00,0.00013866497,-5.0770643e-05,0.0013352208,,,,,,,
2021-12-29 18:00:00,0.00015064944,-7.366856e-05,0.0013717626,,,,,,,
2021-12-29 21:00:00,0.00016575922,-8.4051906e-05,0.0013716909,,,,,,,
2021-12-30 00:00:00,0.0001823089,-9.33458e-05,0.0013918504,,,,,,,
2021-12-30 03:00:00,0.00020201481,-0.00010660676,0.0013632795,,,,,,,
2021-12-30 06:00:00,0.00021243961,-0.00012214023,0.0013871208,,,,,,,
2021-12-30 09:00:00,0.00022575034,-0.00012908787,0.001394716,,,,,,,
2021-12-30 12:00:00,0.00023426906,-0.00012694352,0.0013715031,0.00016515022,0.00014614455,-0.00023499242,0.00023192995,0.00020949657,-0.00036695437,0.485519
2021-12-30 15:00:00,0.00025053404,-0.000115511095,0.0012970233,,,,,,,
2021-12-30 18:00:00,0.0002650806,-0.00010619959,0.0012925015,,,,,,,
2021-12-30 21:00:00,0.0002727981,-9.026356e-05,0.0012642618,,,,,,,
2021-12-31 00:00:00,0.00027186444,-7.7149816e-05,0.0012205137,,,,,,,
2021-12-31 03:00:00,0.00026366554,-7.178298e-05,0.0010969439,,,,,,,
2021-12-31 06:00:00,0.00026064494,-7.1378476e-05,0.0010569987,,,,,,,
2021-12-31 09:00:00,0.0002682837,-7.0241054e-05,0.0009869852,,,,,,,
2021-12-31 12:00:00,0.00026013525,-6.62863e-05,0.0008856304,0.00018001074,0.00014059873,-0.00023919708,0.00023363279,0.0002049089,-0.0003283051,0.4924192
2021-12-31 15:00:00,0.00025609566,-7.934565e-05,0.0007945441,,,,,,,
2021-12-31 18:00:00,0.00024564983,-9.472879e-05,0.0007308247,,,,,,,
2021-12-31 21:00:00,0.00024862948,-0.000114005066,0.0006273397,,,,,,,
2022-01-01 00:00:00,0.00023823841,-0.00013488453,0.0005901133,,,,,,,
